Date,Price,Open,High,Low,Vol.,Change %
3/1/2019,89000.00,89000.00,89200.00,88200.00,683.44K,0.11%
3/4/2019,89500.00,89100.00,91400.00,89000.00,1.28M,0.56%
3/5/2019,89400.00,89500.00,90900.00,89300.00,772.09K,-0.11%
3/6/2019,90000.00,90000.00,90200.00,89300.00,695.52K,0.67%
3/7/2019,90000.00,90700.00,91000.00,89800.00,947.51K,0.00%
3/8/2019,89800.00,89100.00,90000.00,88500.00,469.73K,-0.22%
3/11/2019,89600.00,88100.00,89700.00,88100.00,602.35K,-0.22%
3/12/2019,88500.00,89600.00,90000.00,88100.00,653.99K,-1.23%
3/13/2019,89000.00,88500.00,89500.00,88500.00,1.01M,0.56%
3/14/2019,88600.00,89000.00,89300.00,88600.00,201.76K,-0.45%
3/15/2019,86500.00,88600.00,89000.00,85300.00,1.37M,-2.37%
3/18/2019,86800.00,86500.00,87600.00,84800.00,766.25K,0.35%
3/19/2019,87000.00,87300.00,87300.00,86000.00,442.46K,0.23%
3/20/2019,85000.00,85200.00,86200.00,84000.00,591.56K,-2.30%
3/21/2019,85000.00,85100.00,85400.00,84300.00,665.06K,0.00%
3/22/2019,84500.00,84900.00,85300.00,84500.00,759.19K,-0.59%
3/25/2019,82200.00,83000.00,83700.00,82100.00,488.15K,-2.72%
3/26/2019,83100.00,82200.00,84000.00,82200.00,488.32K,1.09%
3/27/2019,85000.00,83100.00,85200.00,83100.00,455.91K,2.29%
3/28/2019,85000.00,85000.00,85000.00,84200.00,395.73K,0.00%
3/29/2019,84300.00,85000.00,86900.00,84300.00,756.01K,-0.82%
4/1/2019,88000.00,85600.00,88000.00,85200.00,515.71K,4.39%
4/2/2019,88100.00,88300.00,88600.00,86300.00,393.20K,0.11%
4/3/2019,87700.00,88100.00,88100.00,87000.00,303.68K,-0.45%
4/4/2019,87800.00,87100.00,88100.00,87100.00,336.28K,0.11%
4/5/2019,88300.00,87800.00,88800.00,87800.00,231.11K,0.57%
4/8/2019,88300.00,88000.00,88500.00,85800.00,582.44K,0.00%
4/9/2019,87500.00,88700.00,88700.00,87000.00,280.38K,-0.91%
4/10/2019,86700.00,85200.00,87000.00,85200.00,292.05K,-0.91%
4/11/2019,87700.00,86700.00,88000.00,86700.00,188.22K,1.15%
4/12/2019,87800.00,87800.00,88100.00,87000.00,95.63K,0.11%
4/16/2019,87800.00,86000.00,88100.00,85400.00,290.80K,0.00%
4/17/2019,88000.00,87800.00,88100.00,87000.00,730.31K,0.23%
4/18/2019,86000.00,86100.00,87900.00,86000.00,407.72K,-2.27%
4/19/2019,87600.00,86000.00,88000.00,86000.00,57.48K,1.86%
4/22/2019,87900.00,87600.00,88000.00,87500.00,292.24K,0.34%
4/23/2019,87900.00,87100.00,88000.00,87100.00,338.52K,0.00%
4/24/2019,88000.00,86600.00,88100.00,86600.00,573.51K,0.11%
4/25/2019,87400.00,88000.00,88000.00,87100.00,271.41K,-0.68%
4/26/2019,86900.00,87000.00,87400.00,86400.00,284.15K,-0.57%
5/2/2019,88500.00,87000.00,88500.00,86500.00,678.66K,1.84%
5/3/2019,88600.00,88700.00,90400.00,87300.00,868.12K,0.11%
5/6/2019,87000.00,88400.00,88400.00,86500.00,90.18K,-1.81%
5/7/2019,87900.00,87000.00,88700.00,87000.00,337.42K,1.03%
5/8/2019,87800.00,87000.00,88500.00,87000.00,509.85K,-0.11%
5/9/2019,87700.00,87800.00,88200.00,87500.00,221.50K,-0.11%
5/10/2019,87500.00,87100.00,88300.00,87100.00,189.07K,-0.23%
5/13/2019,86700.00,87500.00,87900.00,86700.00,291.94K,-0.91%
5/14/2019,86500.00,84100.00,87800.00,84100.00,327.80K,-0.23%
5/15/2019,87800.00,86500.00,88500.00,86500.00,202.52K,1.50%
5/16/2019,87000.00,87800.00,88300.00,87000.00,359.32K,-0.91%
5/17/2019,86500.00,86200.00,87800.00,86200.00,419.26K,-0.57%
5/20/2019,88000.00,86600.00,88200.00,86500.00,396.98K,1.73%
5/21/2019,91300.00,88000.00,91600.00,88000.00,976.35K,3.75%
5/22/2019,90000.00,91300.00,91600.00,89800.00,436.56K,-1.42%
5/23/2019,90000.00,89800.00,90800.00,89000.00,254.80K,0.00%
5/24/2019,87200.00,90000.00,90500.00,87200.00,687.44K,-3.11%
5/27/2019,88400.00,87100.00,88800.00,87100.00,353.84K,1.38%
5/28/2019,87000.00,88000.00,88500.00,86500.00,642.34K,-1.58%
5/29/2019,87300.00,86600.00,87700.00,86500.00,313.82K,0.34%
5/30/2019,85500.00,87300.00,87800.00,85500.00,309.19K,-2.06%
5/31/2019,85800.00,85600.00,86800.00,85600.00,463.44K,0.35%
6/3/2019,85000.00,85800.00,86400.00,85000.00,381.73K,-0.93%
6/4/2019,85000.00,85000.00,85600.00,83500.00,326.58K,0.00%
6/5/2019,85000.00,85900.00,85900.00,85000.00,214.36K,0.00%
6/6/2019,85200.00,84600.00,85500.00,84600.00,254.61K,0.24%
6/7/2019,86000.00,85500.00,86900.00,85000.00,293.02K,0.94%
6/10/2019,86700.00,87000.00,87000.00,85600.00,435.32K,0.81%
6/11/2019,86000.00,86700.00,86800.00,86000.00,226.86K,-0.81%
6/12/2019,85000.00,86500.00,86500.00,85000.00,209.69K,-1.16%
6/13/2019,84500.00,85000.00,86200.00,84300.00,111.48K,-0.59%
6/14/2019,84200.00,85000.00,85000.00,83600.00,248.27K,-0.36%
6/17/2019,83500.00,83300.00,84800.00,83000.00,334.14K,-0.83%
6/18/2019,82000.00,83400.00,83700.00,81600.00,471.77K,-1.80%
6/19/2019,82800.00,82000.00,83400.00,82000.00,267.32K,0.98%
6/20/2019,82500.00,82500.00,84500.00,82300.00,313.42K,-0.36%
6/21/2019,84000.00,82500.00,84000.00,82400.00,739.81K,1.82%
6/24/2019,84100.00,84000.00,85500.00,78200.00,292.00K,0.12%
6/25/2019,84000.00,84000.00,84700.00,84000.00,246.50K,-0.12%
6/26/2019,85500.00,83800.00,85500.00,83800.00,273.64K,1.79%
6/27/2019,82000.00,84700.00,85600.00,82000.00,598.87K,-4.09%
6/28/2019,83000.00,83000.00,83000.00,81500.00,513.21K,1.22%
7/1/2019,85600.00,84000.00,85600.00,83900.00,329.72K,3.13%
7/2/2019,84600.00,85600.00,85600.00,84600.00,143.85K,-1.17%
7/3/2019,84500.00,84600.00,84900.00,83200.00,391.95K,-0.12%
7/4/2019,85200.00,84500.00,85200.00,84300.00,305.72K,0.83%
7/5/2019,85000.00,84900.00,85200.00,84200.00,96.60K,-0.23%
7/8/2019,84500.00,84100.00,84700.00,83500.00,395.43K,-0.59%
7/9/2019,84200.00,84000.00,84500.00,83900.00,195.01K,-0.36%
7/10/2019,84200.00,84200.00,84600.00,83800.00,271.13K,0.00%
7/11/2019,82500.00,84200.00,84500.00,82500.00,585.23K,-2.02%
7/12/2019,81500.00,82500.00,83800.00,81500.00,447.22K,-1.21%
7/15/2019,79900.00,81500.00,81500.00,79400.00,679.30K,-1.96%
7/16/2019,80400.00,80000.00,80900.00,80000.00,275.44K,0.63%
7/17/2019,79800.00,80700.00,80700.00,79500.00,543.70K,-0.75%
7/18/2019,75800.00,78900.00,80000.00,75000.00,1.68M,-5.01%
7/19/2019,77700.00,76000.00,77800.00,75800.00,512.09K,2.51%
7/22/2019,79200.00,77700.00,79900.00,77700.00,473.61K,1.93%
7/23/2019,79600.00,78200.00,79700.00,78000.00,756.34K,0.51%
7/24/2019,80700.00,79900.00,80900.00,79600.00,523.11K,1.38%
7/25/2019,80800.00,80300.00,81300.00,79900.00,322.15K,0.12%
7/26/2019,80900.00,80800.00,80900.00,79900.00,342.24K,0.12%
7/29/2019,81000.00,80700.00,81000.00,80100.00,354.02K,0.12%
7/30/2019,79900.00,81000.00,81100.00,79900.00,345.05K,-1.36%
7/31/2019,80000.00,79000.00,80000.00,78600.00,691.96K,0.13%
8/1/2019,80100.00,80000.00,80700.00,79900.00,367.74K,0.13%
8/2/2019,79000.00,79000.00,80000.00,79000.00,328.94K,-1.37%
8/5/2019,76800.00,78200.00,79000.00,76800.00,794.84K,-2.78%
8/6/2019,75000.00,76500.00,76600.00,74700.00,1.02M,-2.34%
8/7/2019,74800.00,75000.00,76400.00,73600.00,890.33K,-0.27%
8/8/2019,74800.00,73600.00,74800.00,72800.00,800.35K,0.00%
8/9/2019,76100.00,74900.00,76400.00,74900.00,459.40K,1.74%
8/12/2019,76000.00,76000.00,76500.00,75500.00,258.89K,-0.13%
8/13/2019,75600.00,76000.00,76000.00,74900.00,352.42K,-0.53%
8/14/2019,75600.00,76500.00,76500.00,75600.00,432.98K,0.00%
8/15/2019,76100.00,75100.00,76100.00,74600.00,487.06K,0.66%
8/16/2019,77000.00,75200.00,77500.00,75200.00,405.51K,1.18%
8/19/2019,77100.00,77000.00,77500.00,76800.00,291.07K,0.13%
8/20/2019,76200.00,77000.00,77000.00,76000.00,258.67K,-1.17%
8/21/2019,77000.00,75600.00,77300.00,75600.00,398.00K,1.05%
8/22/2019,78000.00,77000.00,78000.00,76500.00,398.85K,1.30%
8/23/2019,77000.00,78300.00,78300.00,77000.00,134.13K,-1.28%
8/26/2019,76000.00,76000.00,76500.00,75200.00,408.28K,-1.30%
8/27/2019,75000.00,76000.00,76500.00,75000.00,363.23K,-1.32%
8/28/2019,74800.00,75000.00,75800.00,74600.00,267.99K,-0.27%
8/29/2019,75000.00,74800.00,75500.00,74800.00,194.63K,0.27%
8/30/2019,75400.00,75000.00,75800.00,74900.00,181.41K,0.53%
9/3/2019,74000.00,75400.00,75400.00,74000.00,290.93K,-1.86%
9/4/2019,75000.00,74000.00,75500.00,74000.00,255.70K,1.35%
9/5/2019,74500.00,75000.00,75200.00,73800.00,305.58K,-0.67%
9/6/2019,74000.00,74500.00,75000.00,74000.00,242.52K,-0.67%
9/9/2019,74000.00,73700.00,74800.00,73700.00,267.13K,0.00%
9/10/2019,76100.00,74000.00,76400.00,74000.00,420.71K,2.84%
9/11/2019,78000.00,76200.00,78200.00,76100.00,569.25K,2.50%
9/12/2019,76800.00,78000.00,78000.00,76800.00,291.87K,-1.54%
9/13/2019,76500.00,76200.00,76700.00,75900.00,432.61K,-0.39%
9/16/2019,77800.00,76500.00,78000.00,76500.00,333.72K,1.70%
9/17/2019,79500.00,78000.00,79600.00,77800.00,604.25K,2.19%
9/18/2019,80900.00,79500.00,80900.00,79000.00,906.28K,1.76%
9/19/2019,80200.00,80900.00,81000.00,79800.00,548.79K,-0.87%
9/20/2019,80200.00,80100.00,80200.00,79100.00,816.21K,0.00%
9/23/2019,80000.00,80200.00,80900.00,79900.00,485.65K,-0.25%
9/24/2019,79000.00,79900.00,79900.00,78400.00,561.26K,-1.25%
9/25/2019,79000.00,79000.00,79200.00,78600.00,257.15K,0.00%
9/26/2019,78500.00,78800.00,79000.00,78300.00,220.02K,-0.63%
9/27/2019,79400.00,79000.00,79900.00,78700.00,570.79K,1.15%
9/30/2019,78500.00,79400.00,79500.00,78500.00,562.88K,-1.13%
10/1/2019,78800.00,79000.00,79100.00,78100.00,246.87K,0.38%
10/2/2019,77000.00,79000.00,79000.00,77000.00,700.31K,-2.28%
10/3/2019,78000.00,77000.00,78000.00,76400.00,390.57K,1.30%
10/4/2019,77400.00,78000.00,78500.00,77100.00,165.65K,-0.77%
10/7/2019,76500.00,77400.00,77700.00,76500.00,357.58K,-1.16%
10/8/2019,76900.00,76800.00,77500.00,76600.00,258.07K,0.52%
10/9/2019,77000.00,76900.00,77200.00,76600.00,223.03K,0.13%
10/10/2019,77000.00,77000.00,77500.00,76700.00,417.56K,0.00%
10/11/2019,77000.00,77300.00,77400.00,76800.00,560.57K,0.00%
10/14/2019,76600.00,77200.00,77400.00,76600.00,199.64K,-0.52%
10/15/2019,78200.00,76600.00,78700.00,76600.00,411.85K,2.09%
10/16/2019,77800.00,78500.00,78500.00,77800.00,323.34K,-0.51%
10/17/2019,77000.00,77800.00,78000.00,77000.00,818.38K,-1.03%
10/18/2019,76000.00,77000.00,77500.00,76000.00,448.61K,-1.30%
10/21/2019,75000.00,76000.00,76000.00,74700.00,769.24K,-1.32%
10/22/2019,74400.00,75000.00,75400.00,74100.00,431.65K,-0.80%
10/23/2019,75800.00,74500.00,76000.00,74500.00,387.60K,1.88%
10/24/2019,75600.00,76000.00,76000.00,75200.00,272.77K,-0.26%
10/25/2019,74600.00,75600.00,75600.00,74500.00,479.40K,-1.32%
10/28/2019,74500.00,74700.00,75000.00,74500.00,502.51K,-0.13%
10/29/2019,74000.00,74500.00,74900.00,74000.00,483.23K,-0.67%
10/30/2019,74000.00,74600.00,74800.00,73800.00,638.33K,0.00%
10/31/2019,74200.00,75000.00,75300.00,73800.00,908.64K,0.27%
11/1/2019,75700.00,74500.00,76000.00,74500.00,1.60M,2.02%
11/4/2019,76300.00,76200.00,77100.00,76200.00,890.56K,0.79%
11/5/2019,76000.00,76300.00,76400.00,75600.00,764.73K,-0.39%
11/6/2019,76000.00,75900.00,76700.00,75900.00,537.76K,0.00%
11/7/2019,76500.00,76000.00,76500.00,75700.00,431.59K,0.66%
11/8/2019,76800.00,77200.00,77400.00,76600.00,586.26K,0.39%
11/11/2019,74500.00,76700.00,76700.00,74500.00,1.14M,-2.99%
11/12/2019,75000.00,74600.00,75200.00,74500.00,399.08K,0.67%
11/13/2019,74300.00,75200.00,75200.00,74300.00,645.91K,-0.93%
11/14/2019,75200.00,74400.00,75300.00,74400.00,477.28K,1.21%
11/15/2019,74500.00,75200.00,75200.00,74500.00,275.16K,-0.93%
11/18/2019,74400.00,75000.00,75000.00,74400.00,222.09K,-0.13%
11/19/2019,74000.00,74500.00,74900.00,73900.00,542.90K,-0.54%
11/20/2019,73600.00,74000.00,74500.00,73600.00,283.12K,-0.54%
11/21/2019,71500.00,73000.00,73800.00,71500.00,843.26K,-2.85%
11/22/2019,70500.00,72600.00,72900.00,69900.00,797.01K,-1.40%
11/25/2019,71500.00,70600.00,71600.00,70500.00,311.43K,1.42%
11/26/2019,71500.00,71800.00,72600.00,71500.00,561.68K,0.00%
11/27/2019,71000.00,71500.00,72000.00,70900.00,213.60K,-0.70%
11/28/2019,69500.00,70600.00,71000.00,68600.00,608.71K,-2.11%
11/29/2019,70000.00,69500.00,70400.00,68900.00,302.31K,0.72%
12/2/2019,69000.00,70500.00,70500.00,69000.00,273.55K,-1.43%
12/3/2019,64200.00,68700.00,69100.00,64200.00,2.27M,-6.96%
12/4/2019,62500.00,64100.00,64200.00,59900.00,5.52M,-2.65%
12/5/2019,62000.00,62500.00,62500.00,60500.00,1.46M,-0.80%
12/6/2019,62500.00,61500.00,63700.00,61300.00,1.62M,0.81%
12/9/2019,60500.00,62300.00,62400.00,60300.00,1.42M,-3.20%
12/10/2019,56600.00,60500.00,60900.00,56600.00,2.72M,-6.45%
12/11/2019,55700.00,56200.00,57500.00,54400.00,2.33M,-1.59%
12/12/2019,58500.00,56000.00,58800.00,56000.00,1.87M,5.03%
12/13/2019,58000.00,59000.00,59400.00,57000.00,1.74M,-0.85%
12/16/2019,56700.00,57300.00,57800.00,56700.00,1.30M,-2.24%
12/17/2019,56100.00,56800.00,56900.00,55700.00,1.13M,-1.06%
12/18/2019,56400.00,56000.00,57000.00,55000.00,1.11M,0.53%
12/19/2019,55600.00,56000.00,56400.00,55500.00,831.96K,-1.42%
12/20/2019,55000.00,55600.00,55700.00,54600.00,1.80M,-1.08%
12/23/2019,51600.00,55600.00,55900.00,51600.00,2.23M,-6.18%
12/24/2019,54500.00,51700.00,54700.00,50200.00,1.40M,5.62%
12/25/2019,55700.00,54800.00,56200.00,54500.00,1.31M,2.20%
12/26/2019,57000.00,55000.00,58100.00,54900.00,1.90M,2.33%
12/27/2019,56900.00,56500.00,57400.00,56000.00,629.49K,-0.18%
12/30/2019,57100.00,57000.00,58000.00,56800.00,887.37K,0.35%
12/31/2019,56500.00,57100.00,57300.00,55900.00,695.75K,-1.05%
1/2/2020,57000.00,56900.00,57400.00,56300.00,518.87K,0.88%
1/3/2020,57500.00,57200.00,57700.00,56800.00,777.69K,0.88%
1/6/2020,56600.00,57500.00,57500.00,56600.00,582.02K,-1.57%
1/7/2020,56800.00,56800.00,57300.00,56700.00,319.68K,0.35%
1/8/2020,56000.00,56200.00,56500.00,55600.00,737.69K,-1.41%
1/9/2020,57000.00,56600.00,57200.00,56500.00,505.68K,1.79%
1/10/2020,56500.00,57000.00,57700.00,56500.00,524.93K,-0.88%
1/13/2020,57000.00,56600.00,57100.00,56400.00,413.81K,0.88%
1/14/2020,56600.00,57000.00,57300.00,56600.00,349.41K,-0.70%
1/15/2020,56500.00,57000.00,57000.00,56000.00,373.29K,-0.18%
1/16/2020,56200.00,56500.00,56900.00,56200.00,290.21K,-0.53%
1/17/2020,55000.00,56100.00,56400.00,55000.00,496.94K,-2.14%
1/20/2020,54300.00,55000.00,55100.00,53000.00,541.49K,-1.27%
1/21/2020,54500.00,54300.00,54900.00,54100.00,369.33K,0.37%
1/22/2020,53400.00,54200.00,54600.00,53300.00,540.21K,-2.02%
1/30/2020,50100.00,53000.00,53000.00,50000.00,1.59M,-6.18%
1/31/2020,50100.00,50000.00,51700.00,50000.00,791.35K,0.00%
2/3/2020,50000.00,46700.00,50000.00,46600.00,1.29M,-0.20%
2/4/2020,50000.00,50100.00,51000.00,49500.00,744.90K,0.00%
2/5/2020,50000.00,50500.00,50500.00,49200.00,750.71K,0.00%
2/6/2020,49900.00,49950.00,49950.00,47500.00,2.39M,-0.20%
2/7/2020,49900.00,49800.00,49900.00,48800.00,932.29K,0.00%
2/10/2020,49900.00,49900.00,49900.00,48800.00,600.28K,0.00%
2/11/2020,49900.00,49200.00,51700.00,49200.00,2.08M,0.00%
2/12/2020,50500.00,50000.00,50700.00,50000.00,804.72K,1.20%
2/13/2020,50200.00,50700.00,50900.00,50100.00,547.97K,-0.59%
2/14/2020,49800.00,50200.00,50200.00,49450.00,1.12M,-0.80%
2/17/2020,49700.00,49800.00,49800.00,48950.00,1.49M,-0.20%
2/18/2020,49700.00,49200.00,49700.00,49200.00,591.22K,0.00%
2/19/2020,50400.00,49600.00,51700.00,49600.00,1.82M,1.41%
2/20/2020,51100.00,50900.00,51400.00,50400.00,1.37M,1.39%
2/21/2020,53000.00,51500.00,54000.00,51500.00,2.06M,3.72%
2/24/2020,51100.00,51600.00,52500.00,51000.00,1.43M,-3.58%
2/25/2020,50600.00,50500.00,51300.00,49800.00,896.71K,-0.98%
2/26/2020,49750.00,49800.00,50300.00,49000.00,1.25M,-1.68%
2/27/2020,49700.00,49200.00,49800.00,48800.00,1.64M,-0.10%
2/28/2020,49000.00,49700.00,49700.00,47700.00,2.26M,-1.41%
3/2/2020,49000.00,48350.00,49000.00,47850.00,1.59M,0.00%
3/3/2020,49000.00,49200.00,49800.00,48500.00,1.23M,0.00%
3/4/2020,49000.00,48900.00,49350.00,48650.00,909.83K,0.00%
3/5/2020,50900.00,49450.00,52000.00,49150.00,1.78M,3.88%
3/6/2020,54400.00,50800.00,54400.00,50100.00,2.79M,6.88%
3/9/2020,52000.00,53000.00,56800.00,51000.00,4.21M,-4.41%
3/10/2020,52400.00,52900.00,53800.00,52000.00,2.39M,0.77%
3/11/2020,49950.00,53300.00,53300.00,49200.00,2.64M,-4.68%
3/12/2020,49950.00,47200.00,49950.00,46500.00,4.07M,0.00%
3/13/2020,49850.00,46500.00,49950.00,46500.00,3.78M,-0.20%
3/16/2020,40414.00,40006.00,40659.00,38781.00,3.86M,-18.93%
3/17/2020,40414.00,39190.00,40414.00,38945.00,4.65M,0.00%
3/18/2020,40333.00,40414.00,40578.00,39843.00,2.60M,-0.20%
3/19/2020,40169.00,39598.00,40169.00,39230.00,4.02M,-0.41%
3/20/2020,40169.00,40006.00,40169.00,39026.00,4.95M,0.00%
3/23/2020,40169.00,39271.00,40169.00,37883.00,6.03M,0.00%
3/24/2020,40088.00,39598.00,40088.00,39434.00,4.27M,-0.20%
3/25/2020,40088.00,40006.00,40578.00,39598.00,3.43M,0.00%
3/26/2020,40006.00,40006.00,40169.00,39639.00,3.32M,-0.20%
3/27/2020,40251.00,39761.00,41639.00,39598.00,3.11M,0.61%
3/30/2020,40088.00,39598.00,40088.00,39516.00,1.65M,-0.40%
3/31/2020,40006.00,40088.00,40741.00,39353.00,4.40M,-0.20%
4/1/2020,40169.00,39843.00,40822.00,39843.00,2.07M,0.41%
4/3/2020,42700.00,40496.00,42700.00,40414.00,2.21M,6.30%
4/6/2020,45639.00,43517.00,45639.00,43353.00,3.07M,6.88%
4/7/2020,46946.00,46374.00,47681.00,44986.00,2.52M,2.86%
4/8/2020,48089.00,45803.00,48089.00,45313.00,1.61M,2.43%
4/9/2020,48497.00,48170.00,48742.00,47436.00,2.46M,0.85%
4/10/2020,49150.00,48170.00,51028.00,47599.00,2.30M,1.35%
4/13/2020,47436.00,49150.00,50130.00,47436.00,2.53M,-3.49%
4/14/2020,49803.00,47354.00,49803.00,46701.00,1.74M,4.99%
4/15/2020,49722.00,49803.00,50865.00,49558.00,1.33M,-0.16%
4/16/2020,49640.00,48660.00,49967.00,48660.00,1.18M,-0.16%
4/17/2020,49477.00,49803.00,50130.00,49395.00,1.70M,-0.33%
4/20/2020,48497.00,49477.00,49803.00,48497.00,2.21M,-1.98%
4/21/2020,46211.00,47436.00,48007.00,45803.00,2.23M,-4.71%
4/22/2020,47517.00,45313.00,47844.00,45313.00,1.28M,2.83%
4/23/2020,47517.00,48579.00,48824.00,47517.00,1.01M,0.00%
4/24/2020,48579.00,47191.00,48579.00,46701.00,1.46M,2.23%
4/27/2020,47762.00,48987.00,49395.00,47762.00,1.35M,-1.68%
4/28/2020,48742.00,47762.00,49232.00,47354.00,1.31M,2.05%
4/29/2020,48007.00,48742.00,48905.00,48007.00,996.60K,-1.51%
5/4/2020,46783.00,46701.00,47926.00,46619.00,1.38M,-2.55%
5/5/2020,46048.00,46701.00,46946.00,46048.00,1.32M,-1.57%
5/6/2020,47354.00,46538.00,47354.00,45476.00,1.22M,2.84%
5/7/2020,48007.00,48007.00,48170.00,47354.00,936.70K,1.38%
5/8/2020,49803.00,48170.00,50946.00,48089.00,3.98M,3.74%
5/11/2020,51518.00,50212.00,51518.00,49477.00,2.21M,3.44%
5/12/2020,50620.00,51436.00,51600.00,50457.00,1.23M,-1.74%
5/13/2020,50538.00,50048.00,51028.00,49395.00,1.92M,-0.16%
5/14/2020,52171.00,50212.00,53232.00,49803.00,3.09M,3.23%
5/15/2020,50701.00,52661.00,52988.00,50701.00,1.57M,-2.82%
5/18/2020,51028.00,50701.00,51273.00,50130.00,1.01M,0.64%
5/19/2020,51436.00,51681.00,52579.00,51028.00,2.31M,0.80%
5/20/2020,52089.00,51028.00,52171.00,51028.00,1.20M,1.27%
5/21/2020,52089.00,52089.00,52253.00,51273.00,1.82M,0.00%
5/22/2020,50620.00,51844.00,52008.00,50620.00,1.57M,-2.82%
5/25/2020,50457.00,50783.00,51191.00,50212.00,1.63M,-0.32%
5/26/2020,51028.00,50620.00,51273.00,50538.00,1.26M,1.13%
5/27/2020,51028.00,51600.00,52743.00,51028.00,2.63M,0.00%
5/28/2020,51273.00,51763.00,51763.00,50946.00,957.00K,0.48%
5/29/2020,51191.00,51273.00,51355.00,50783.00,837.70K,-0.16%
6/1/2020,51518.00,51191.00,52008.00,51191.00,1.29M,0.64%
6/2/2020,52171.00,51926.00,53722.00,51763.00,5.03M,1.27%
6/3/2020,52253.00,52661.00,52661.00,51926.00,899.60K,0.16%
6/4/2020,51844.00,52743.00,52743.00,51681.00,1.83M,-0.78%
6/5/2020,51060.00,51060.00,51304.00,50655.00,2.19M,-1.51%
6/8/2020,51385.00,51385.00,52195.00,50898.00,2.11M,0.64%
6/9/2020,51060.00,51466.00,52033.00,50817.00,1.94M,-0.63%
6/10/2020,50979.00,50979.00,51060.00,50655.00,1.45M,-0.16%
6/11/2020,47413.00,51304.00,51952.00,47413.00,3.16M,-7.00%
6/12/2020,47413.00,46198.00,47575.00,46198.00,3.65M,0.00%
6/15/2020,45711.00,47413.00,47737.00,44820.00,3.12M,-3.59%
6/16/2020,46684.00,46522.00,46846.00,45792.00,1.79M,2.13%
6/17/2020,46603.00,47008.00,47170.00,46117.00,1.39M,-0.17%
6/18/2020,46198.00,46198.00,46522.00,45306.00,1.11M,-0.87%
6/19/2020,46198.00,46684.00,46765.00,46198.00,2.90M,0.00%
6/22/2020,47251.00,46603.00,47413.00,46603.00,1.95M,2.28%
6/23/2020,47332.00,47008.00,48224.00,47008.00,1.74M,0.17%
6/24/2020,46360.00,47332.00,47656.00,45792.00,1.12M,-2.05%
6/25/2020,45954.00,45873.00,46198.00,45549.00,1.85M,-0.88%
6/26/2020,45711.00,45954.00,46927.00,45711.00,689.96K,-0.53%
6/29/2020,44658.00,45711.00,45711.00,43685.00,2.06M,-2.30%
6/30/2020,43847.00,45306.00,45468.00,43766.00,1.65M,-1.82%
7/1/2020,44982.00,44090.00,45468.00,43766.00,1.16M,2.59%
7/2/2020,46360.00,45387.00,46684.00,44982.00,1.31M,3.06%
7/3/2020,46360.00,46360.00,46927.00,45954.00,839.92K,0.00%
7/6/2020,46684.00,46360.00,47008.00,46279.00,1.03M,0.70%
7/7/2020,46198.00,46927.00,47332.00,46198.00,1.15M,-1.04%
7/8/2020,46198.00,46198.00,46603.00,46198.00,560.60K,0.00%
7/9/2020,46522.00,46279.00,46765.00,46117.00,1.32M,0.70%
7/10/2020,46117.00,46522.00,46684.00,45387.00,677.88K,-0.87%
7/13/2020,45873.00,46198.00,46603.00,45792.00,669.50K,-0.53%
7/14/2020,45387.00,45711.00,45873.00,45144.00,1.12M,-1.06%
7/15/2020,45144.00,45792.00,45954.00,45144.00,1.50M,-0.54%
7/16/2020,46198.00,45387.00,46198.00,44982.00,1.17M,2.33%
7/17/2020,45549.00,45954.00,46035.00,45387.00,911.53K,-1.40%
7/20/2020,44577.00,45387.00,45387.00,44577.00,1.13M,-2.13%
7/21/2020,44333.00,44577.00,45063.00,44009.00,2.01M,-0.55%
7/22/2020,43928.00,44333.00,44739.00,43928.00,1.00M,-0.91%
7/23/2020,43685.00,43928.00,44252.00,43442.00,914.44K,-0.55%
7/24/2020,42145.00,43523.00,43685.00,41173.00,2.45M,-3.53%
7/27/2020,40119.00,39633.00,41740.00,39633.00,3.38M,-4.81%
7/28/2020,40929.00,40524.00,41335.00,40119.00,1.58M,2.02%
7/29/2020,39997.00,40119.00,40524.00,39714.00,1.62M,-2.28%
7/30/2020,40362.00,40443.00,40605.00,40119.00,985.98K,0.91%
7/31/2020,40929.00,39795.00,41659.00,39795.00,2.63M,1.40%
8/3/2020,42631.00,40929.00,42712.00,40929.00,1.67M,4.16%
8/4/2020,43766.00,43118.00,44009.00,43118.00,2.02M,2.66%
8/5/2020,44577.00,43361.00,44577.00,43118.00,2.17M,1.85%
8/6/2020,43685.00,44171.00,44496.00,43523.00,1.41M,-2.00%
8/7/2020,43847.00,43766.00,44415.00,43604.00,1.15M,0.37%
8/10/2020,44171.00,43928.00,44496.00,43928.00,1.14M,0.74%
8/11/2020,44252.00,44415.00,44415.00,43847.00,790.51K,0.18%
8/12/2020,43928.00,44009.00,44415.00,43685.00,1.18M,-0.73%
8/13/2020,44090.00,43928.00,44252.00,43766.00,1.14M,0.37%
8/14/2020,43280.00,44090.00,44171.00,42956.00,2.16M,-1.84%
8/17/2020,42956.00,43280.00,43361.00,42388.00,1.32M,-0.75%
8/18/2020,42469.00,42956.00,42956.00,42388.00,925.55K,-1.13%
8/19/2020,42712.00,42469.00,42875.00,42226.00,1.04M,0.57%
8/20/2020,42145.00,42712.00,42794.00,42145.00,1.70M,-1.33%
8/21/2020,42631.00,42145.00,42875.00,42145.00,1.16M,1.15%
8/24/2020,43442.00,42794.00,43766.00,42794.00,2.06M,1.90%
8/25/2020,43442.00,43766.00,44090.00,43442.00,2.04M,0.00%
8/26/2020,43361.00,43442.00,43685.00,43199.00,1.06M,-0.19%
8/27/2020,43442.00,43361.00,43523.00,43280.00,979.58K,0.19%
8/28/2020,44171.00,43685.00,44982.00,43523.00,2.86M,1.68%
8/31/2020,44577.00,44577.00,44982.00,44090.00,1.55M,0.92%
9/1/2020,44252.00,44577.00,44577.00,44009.00,1.95M,-0.73%
9/3/2020,44901.00,44901.00,44982.00,44333.00,2.10M,1.47%
9/4/2020,45630.00,44090.00,45792.00,44090.00,3.17M,1.62%
9/7/2020,44252.00,45873.00,46279.00,44252.00,2.72M,-3.02%
9/8/2020,44415.00,44333.00,44577.00,44090.00,1.75M,0.37%
9/9/2020,44577.00,43847.00,44901.00,43847.00,1.30M,0.36%
9/10/2020,44415.00,44901.00,44982.00,44333.00,882.67K,-0.36%
9/11/2020,44577.00,44252.00,44577.00,44009.00,647.74K,0.36%
9/14/2020,45063.00,44577.00,45225.00,44577.00,1.13M,1.09%
9/15/2020,44901.00,45063.00,45225.00,44658.00,953.54K,-0.36%
9/16/2020,44496.00,44901.00,44901.00,44252.00,1.09M,-0.90%
9/17/2020,43766.00,44496.00,44496.00,43766.00,1.49M,-1.64%
9/18/2020,43928.00,43766.00,44252.00,43766.00,1.35M,0.37%
9/21/2020,44171.00,44090.00,44415.00,44090.00,1.06M,0.55%
9/22/2020,44009.00,44171.00,44252.00,43847.00,912.42K,-0.37%
9/23/2020,44901.00,44252.00,44901.00,44090.00,1.54M,2.03%
9/24/2020,44577.00,44658.00,45144.00,44577.00,1.06M,-0.72%
9/25/2020,44333.00,44577.00,44820.00,44171.00,850.01K,-0.55%
9/28/2020,44333.00,44333.00,44658.00,44171.00,748.03K,0.00%
9/29/2020,43442.00,44496.00,44496.00,43442.00,1.54M,-2.01%
9/30/2020,44252.00,43442.00,44252.00,43442.00,1.01M,1.86%
10/1/2020,44496.00,44333.00,44577.00,44252.00,1.16M,0.55%
10/2/2020,43847.00,44496.00,44577.00,43604.00,1.78M,-1.46%
10/5/2020,45387.00,44252.00,45549.00,43847.00,3.92M,3.51%
10/6/2020,47008.00,45711.00,47251.00,45630.00,5.28M,3.57%
10/7/2020,50169.00,47008.00,50250.00,46927.00,7.72M,6.72%
10/8/2020,51790.00,49845.00,51790.00,49115.00,5.82M,3.23%
10/9/2020,55194.00,51466.00,55275.00,50412.00,6.41M,6.57%
10/12/2020,56896.00,55113.00,56896.00,53897.00,6.98M,3.08%
10/13/2020,60624.00,56734.00,60867.00,55113.00,5.60M,6.55%
10/14/2020,64839.00,60543.00,64839.00,59246.00,6.08M,6.95%
10/15/2020,65730.00,64839.00,67189.00,63461.00,6.84M,1.37%
10/16/2020,64839.00,65649.00,65649.00,61192.00,7.85M,-1.36%
10/19/2020,66460.00,61759.00,66460.00,61759.00,3.69M,2.50%
10/20/2020,67837.00,66298.00,67837.00,64839.00,5.85M,2.07%
10/21/2020,67837.00,67270.00,68810.00,66460.00,2.11M,0.00%
10/22/2020,68891.00,67108.00,68891.00,66865.00,6.16M,1.55%
10/23/2020,69702.00,68972.00,69783.00,68486.00,4.10M,1.18%
10/26/2020,71242.00,68648.00,71242.00,68648.00,5.60M,2.21%
10/27/2020,71242.00,71323.00,72133.00,68891.00,4.85M,0.00%
10/28/2020,69702.00,71160.00,71160.00,68243.00,5.56M,-2.16%
10/29/2020,68081.00,67270.00,68891.00,64839.00,8.05M,-2.33%
10/30/2020,68081.00,66622.00,68081.00,64433.00,4.87M,0.00%
11/2/2020,68486.00,68081.00,68486.00,66703.00,4.62M,0.59%
11/3/2020,68081.00,68081.00,68324.00,67432.00,3.81M,-0.59%
11/4/2020,68243.00,68081.00,68648.00,67351.00,2.41M,0.24%
11/5/2020,71242.00,68486.00,71242.00,67919.00,2.15M,4.39%
11/6/2020,72862.00,71160.00,72862.00,70512.00,1.46M,2.27%
11/9/2020,77482.00,72944.00,77482.00,72781.00,2.96M,6.34%
11/10/2020,77320.00,77806.00,79427.00,76915.00,4.19M,-0.21%
11/11/2020,77320.00,75942.00,77320.00,74565.00,2.43M,0.00%
11/12/2020,75456.00,77401.00,77401.00,75456.00,580.90K,-2.41%
11/13/2020,73025.00,75132.00,75132.00,72862.00,1.31M,-3.22%
11/16/2020,68000.00,72538.00,73025.00,68000.00,2.95M,-6.88%
11/17/2020,68891.00,68081.00,69621.00,67919.00,976.45K,1.31%
11/18/2020,67189.00,68972.00,68972.00,67027.00,1.18M,-2.47%
11/19/2020,66460.00,67270.00,67594.00,65649.00,1.45M,-1.08%
11/20/2020,66460.00,66217.00,68000.00,65730.00,1.40M,0.00%
11/23/2020,67351.00,66460.00,67594.00,66460.00,1.05M,1.34%
11/24/2020,66460.00,67351.00,67351.00,64839.00,815.46K,-1.32%
11/25/2020,66703.00,66460.00,67270.00,66460.00,823.98K,0.37%
11/26/2020,67837.00,66217.00,68000.00,66135.00,612.79K,1.70%
11/27/2020,67837.00,67837.00,67837.00,67108.00,504.68K,0.00%
11/30/2020,66460.00,66541.00,67675.00,66217.00,1.16M,-2.03%
12/1/2020,67270.00,65244.00,67270.00,65244.00,1.26M,1.22%
12/2/2020,67432.00,67270.00,68081.00,66460.00,889.36K,0.24%
12/3/2020,67594.00,67513.00,68081.00,66865.00,650.48K,0.24%
12/4/2020,69702.00,68081.00,70917.00,67675.00,2.37M,3.12%
12/7/2020,69702.00,70107.00,70593.00,69296.00,990.25K,0.00%
12/8/2020,69296.00,69783.00,70026.00,69134.00,1.03M,-0.58%
12/9/2020,69215.00,69296.00,69458.00,68891.00,1.01M,-0.12%
12/10/2020,68000.00,69215.00,69215.00,67756.00,1.72M,-1.76%
12/11/2020,68486.00,68000.00,68567.00,67432.00,949.32K,0.71%
12/14/2020,68486.00,68648.00,68972.00,68000.00,1.30M,0.00%
12/15/2020,68486.00,68486.00,68729.00,68000.00,1.12M,0.00%
12/16/2020,68486.00,68081.00,68567.00,68000.00,778.25K,0.00%
12/17/2020,68896.00,68486.00,69142.00,67912.00,1.42M,0.60%
12/18/2020,68978.00,68650.00,69142.00,68650.00,1.70M,0.12%
12/21/2020,68732.00,69716.00,69716.00,68404.00,992.42K,-0.36%
12/22/2020,67912.00,68732.00,68896.00,67666.00,966.30K,-1.19%
12/23/2020,67912.00,67830.00,69142.00,67748.00,1.09M,0.00%
12/24/2020,67830.00,67912.00,68076.00,67092.00,766.68K,-0.12%
12/25/2020,67666.00,68076.00,68158.00,67584.00,718.31K,-0.24%
12/28/2020,67584.00,68076.00,68240.00,67338.00,663.78K,-0.12%
12/29/2020,68240.00,68896.00,68896.00,68076.00,1.73M,0.97%
12/30/2020,68486.00,68814.00,69060.00,67748.00,1.15M,0.36%
12/31/2020,72915.00,68076.00,73079.00,68076.00,4.57M,6.47%
1/4/2021,72915.00,74637.00,74637.00,72915.00,2.30M,0.00%
1/5/2021,73243.00,72997.00,73817.00,72259.00,1.53M,0.45%
1/6/2021,72423.00,73243.00,74637.00,72177.00,2.81M,-1.12%
1/7/2021,75457.00,72423.00,75868.00,72423.00,3.63M,4.19%
1/8/2021,76360.00,76278.00,77426.00,75457.00,3.17M,1.20%
1/11/2021,77180.00,76442.00,78328.00,76442.00,3.06M,1.07%
1/12/2021,77098.00,77180.00,77344.00,76360.00,2.20M,-0.11%
1/13/2021,76524.00,77262.00,77344.00,76032.00,3.06M,-0.74%
1/14/2021,75704.00,76442.00,76524.00,75211.00,1.74M,-1.07%
1/15/2021,76278.00,76278.00,76606.00,75868.00,2.57M,0.76%
1/18/2021,78000.00,77918.00,80461.00,77836.00,4.49M,2.26%
1/19/2021,74555.00,78574.00,78574.00,72587.00,2.90M,-4.42%
1/20/2021,74555.00,75047.00,75293.00,70536.00,2.78M,0.00%
1/21/2021,75047.00,75047.00,75539.00,73325.00,2.62M,0.66%
1/22/2021,76524.00,75457.00,78082.00,74637.00,3.67M,1.97%
1/25/2021,79558.00,77918.00,80379.00,77098.00,4.64M,3.96%
1/26/2021,78328.00,80543.00,80543.00,74883.00,2.97M,-1.55%
1/27/2021,75211.00,77508.00,77754.00,73981.00,2.69M,-3.98%
1/28/2021,69962.00,69962.00,73325.00,69962.00,4.58M,-6.98%
1/29/2021,70126.00,66025.00,74637.00,66025.00,3.41M,0.23%
2/1/2021,67256.00,70454.00,72423.00,66435.00,2.15M,-4.09%
2/2/2021,68896.00,67256.00,69716.00,65615.00,2.31M,2.44%
2/3/2021,72915.00,70126.00,72997.00,70126.00,1.85M,5.83%
2/4/2021,73407.00,72177.00,74227.00,71767.00,1.70M,0.67%
2/5/2021,73489.00,73407.00,73817.00,73079.00,1.45M,0.11%
2/8/2021,70208.00,73489.00,73735.00,68896.00,2.71M,-4.46%
2/9/2021,72751.00,70536.00,73489.00,69798.00,1.74M,3.62%
2/17/2021,75457.00,73653.00,75457.00,72833.00,1.37M,3.72%
2/18/2021,78000.00,75457.00,78738.00,74637.00,2.65M,3.37%
2/19/2021,77836.00,76770.00,78328.00,76770.00,1.70M,-0.21%
2/22/2021,77590.00,77836.00,78000.00,76934.00,1.42M,-0.32%
2/23/2021,76032.00,77508.00,77508.00,75868.00,1.91M,-2.01%
2/24/2021,74637.00,77098.00,77098.00,74227.00,1.77M,-1.83%
2/25/2021,73489.00,75293.00,75293.00,73325.00,1.89M,-1.54%
2/26/2021,74063.00,72669.00,74145.00,72587.00,1.78M,0.78%
3/1/2021,74883.00,74145.00,75375.00,74063.00,1.03M,1.11%
3/2/2021,74555.00,76114.00,76114.00,73817.00,1.23M,-0.44%
3/3/2021,74227.00,74555.00,74637.00,73817.00,963.84K,-0.44%
3/4/2021,72505.00,74637.00,74637.00,71767.00,1.98M,-2.32%
3/5/2021,73161.00,72177.00,73817.00,71767.00,1.37M,0.90%
3/8/2021,71685.00,74145.00,74145.00,71357.00,1.94M,-2.02%
3/9/2021,71110.00,71931.00,71931.00,66681.00,1.40M,-0.80%
3/10/2021,71357.00,71110.00,71357.00,69962.00,980.88K,0.35%
3/11/2021,71603.00,72013.00,72505.00,71275.00,1.05M,0.34%
3/12/2021,71603.00,72177.00,72259.00,71521.00,1.05M,0.00%
3/15/2021,72587.00,72177.00,73161.00,71603.00,1.43M,1.37%
3/16/2021,72177.00,72833.00,72833.00,71521.00,642.24K,-0.56%
3/17/2021,72177.00,71849.00,72259.00,71357.00,691.68K,0.00%
3/18/2021,73571.00,72095.00,73735.00,71931.00,1.47M,1.93%
3/19/2021,72751.00,72997.00,73325.00,70946.00,1.38M,-1.11%
3/22/2021,72259.00,72751.00,72833.00,71767.00,867.96K,-0.68%
3/23/2021,70946.00,72259.00,72341.00,70536.00,1.23M,-1.82%
3/24/2021,69798.00,69880.00,70946.00,69716.00,1.04M,-1.62%
3/25/2021,70536.00,70126.00,70536.00,68896.00,1.29M,1.06%
3/26/2021,70454.00,70126.00,70536.00,68650.00,1.10M,-0.12%
3/29/2021,70618.00,70126.00,70946.00,69716.00,1.10M,0.23%
3/30/2021,72587.00,70208.00,73407.00,70044.00,1.73M,2.79%
3/31/2021,75868.00,72587.00,76278.00,72587.00,3.77M,4.52%
4/1/2021,75704.00,76196.00,76278.00,75539.00,2.44M,-0.22%
4/2/2021,76032.00,76278.00,76524.00,75704.00,2.59M,0.43%
4/5/2021,76278.00,77918.00,78000.00,76114.00,3.09M,0.32%
4/6/2021,75375.00,76278.00,76442.00,74883.00,2.17M,-1.18%
4/7/2021,76934.00,75375.00,77344.00,74473.00,2.35M,2.07%
4/8/2021,76278.00,77508.00,77508.00,75786.00,1.45M,-0.85%
4/9/2021,75539.00,76114.00,76114.00,75129.00,1.27M,-0.97%
4/12/2021,75375.00,75539.00,75868.00,74965.00,1.84M,-0.22%
4/13/2021,77262.00,75950.00,78738.00,75457.00,5.84M,2.50%
4/14/2021,82593.00,77590.00,82593.00,76852.00,7.96M,6.90%
4/15/2021,82019.00,84890.00,86120.00,82019.00,3.48M,-0.69%
4/16/2021,82101.00,81855.00,83249.00,78082.00,3.69M,0.10%
4/19/2021,87842.00,83249.00,87842.00,81527.00,7.75M,6.99%
4/20/2021,86530.00,87842.00,91451.00,85382.00,5.15M,-1.49%
4/22/2021,80543.00,85300.00,88088.00,80543.00,4.17M,-6.92%
4/23/2021,82019.00,80543.00,83249.00,78738.00,6.01M,1.83%
4/26/2021,77918.00,83249.00,83413.00,77918.00,4.49M,-5.00%
4/27/2021,80379.00,77918.00,80871.00,76770.00,2.86M,3.16%
4/28/2021,81199.00,80379.00,81855.00,79969.00,2.20M,1.02%
4/29/2021,80379.00,81363.00,81527.00,79558.00,2.16M,-1.01%
5/4/2021,78656.00,80379.00,80379.00,78000.00,2.79M,-2.14%
5/5/2021,78738.00,78656.00,81117.00,78574.00,2.15M,0.10%
5/6/2021,78410.00,78738.00,80051.00,78410.00,1.83M,-0.42%
5/7/2021,77918.00,78000.00,79230.00,77344.00,3.08M,-0.63%
5/10/2021,83331.00,79886.00,83331.00,79148.00,4.69M,6.95%
5/11/2021,83249.00,85300.00,86776.00,83249.00,4.08M,-0.10%
5/12/2021,85300.00,83249.00,86120.00,83249.00,2.95M,2.46%
5/13/2021,84480.00,85054.00,85956.00,84316.00,2.91M,-0.96%
5/14/2021,88663.00,85136.00,90221.00,85136.00,4.33M,4.95%
5/17/2021,85464.00,89401.00,89811.00,85464.00,2.84M,-3.61%
5/18/2021,86202.00,86940.00,90221.00,85956.00,3.54M,0.86%
5/19/2021,88581.00,86940.00,89401.00,86202.00,2.51M,2.76%
5/20/2021,93174.00,89401.00,93502.00,88498.00,3.39M,5.19%
5/21/2021,91779.00,92271.00,93338.00,91533.00,3.10M,-1.50%
5/24/2021,91861.00,91779.00,93174.00,91041.00,2.58M,0.09%
5/25/2021,93174.00,91451.00,94732.00,91041.00,2.08M,1.43%
5/26/2021,93174.00,93502.00,93502.00,91861.00,1.75M,0.00%
5/27/2021,90221.00,93174.00,93338.00,86694.00,1.97M,-3.17%
5/28/2021,92271.00,90221.00,92271.00,89073.00,2.45M,2.27%
5/31/2021,90303.00,91861.00,92025.00,89811.00,1.21M,-2.13%
6/1/2021,87760.00,90221.00,90221.00,85874.00,2.91M,-2.82%
6/2/2021,86694.00,88745.00,88991.00,86530.00,2.24M,-1.21%
6/3/2021,86120.00,86612.00,86694.00,84480.00,3.15M,-0.66%
6/4/2021,88006.00,85710.00,88006.00,84480.00,1.87M,2.19%
6/7/2021,85710.00,87760.00,88006.00,85300.00,1.09M,-2.61%
6/8/2021,85300.00,85792.00,87514.00,85300.00,1.91M,-0.48%
6/9/2021,85710.00,84480.00,86120.00,84480.00,1.28M,0.48%
6/10/2021,84562.00,85300.00,86038.00,84480.00,1.05M,-1.34%
6/11/2021,86940.00,84562.00,87022.00,84480.00,2.15M,2.81%
6/14/2021,87678.00,87760.00,88581.00,86120.00,1.79M,0.85%
6/15/2021,87350.00,87760.00,88498.00,87104.00,1.19M,-0.37%
6/16/2021,85464.00,86940.00,87760.00,85300.00,1.24M,-2.16%
6/17/2021,84480.00,84480.00,86940.00,84480.00,1.66M,-1.15%
6/18/2021,87350.00,86448.00,87760.00,84480.00,1.81M,3.40%
6/21/2021,89155.00,87350.00,90221.00,86120.00,2.15M,2.07%
6/22/2021,88991.00,89483.00,90221.00,88088.00,1.48M,-0.18%
6/23/2021,87596.00,88581.00,89073.00,87350.00,893.16K,-1.57%
6/24/2021,87350.00,87350.00,88498.00,86612.00,919.92K,-0.28%
6/25/2021,87268.00,87186.00,87760.00,86120.00,935.52K,-0.09%
6/28/2021,89319.00,87760.00,90139.00,87514.00,1.79M,2.35%
6/29/2021,88991.00,89811.00,90139.00,88252.00,1.19M,-0.37%
6/30/2021,91369.00,89401.00,92271.00,89401.00,2.70M,2.67%
7/1/2021,93892.00,92155.00,94306.00,91080.00,2.05M,2.76%
7/2/2021,94223.00,94306.00,94637.00,93644.00,1.55M,0.35%
7/5/2021,92321.00,93313.00,93727.00,87688.00,2.66M,-2.02%
7/6/2021,90170.00,90997.00,92651.00,89342.00,2.51M,-2.33%
7/7/2021,95960.00,90170.00,95960.00,87771.00,2.96M,6.42%
7/8/2021,99104.00,95133.00,99269.00,94306.00,3.00M,3.28%
7/9/2021,96705.00,97615.00,101337.00,95133.00,2.57M,-2.42%
7/12/2021,99187.00,97615.00,99187.00,90583.00,2.52M,2.57%
7/13/2021,95133.00,99187.00,99187.00,93644.00,1.83M,-4.09%
7/14/2021,96126.00,95133.00,96705.00,91990.00,1.72M,1.04%
7/15/2021,95133.00,94306.00,97532.00,93892.00,1.27M,-1.03%
7/16/2021,99683.00,95547.00,100097.00,94968.00,2.37M,4.78%
7/19/2021,98773.00,98028.00,103406.00,98028.00,1.72M,-0.91%
7/20/2021,101751.00,98856.00,101751.00,97284.00,2.14M,3.01%
7/21/2021,100924.00,101751.00,102744.00,100924.00,1.67M,-0.81%
7/22/2021,101668.00,100924.00,101751.00,99269.00,1.32M,0.74%
7/23/2021,98442.00,100179.00,101089.00,98442.00,1.98M,-3.17%
7/26/2021,100179.00,99187.00,100510.00,97367.00,1.51M,1.76%
7/27/2021,103819.00,99683.00,104646.00,99683.00,2.32M,3.63%
7/28/2021,102992.00,103406.00,103736.00,102578.00,1.01M,-0.80%
7/29/2021,105639.00,102992.00,105887.00,101751.00,1.41M,2.57%
7/30/2021,110851.00,105887.00,113002.00,105226.00,3.19M,4.93%
8/2/2021,112671.00,110685.00,114160.00,108369.00,1.52M,1.64%
8/3/2021,113994.00,112505.00,114160.00,111678.00,1.63M,1.17%
8/4/2021,112505.00,113994.00,114160.00,111843.00,1.91M,-1.31%
8/5/2021,111678.00,111761.00,113250.00,111099.00,1.62M,-0.74%
8/6/2021,111264.00,111761.00,112505.00,111264.00,804.60K,-0.37%
8/9/2021,116641.00,110851.00,116641.00,110851.00,1.83M,4.83%
8/10/2021,114573.00,116641.00,117055.00,114573.00,1.21M,-1.77%
8/11/2021,113002.00,114987.00,116641.00,113002.00,1.19M,-1.37%
8/12/2021,110851.00,114573.00,114573.00,110851.00,2.34M,-1.90%
8/13/2021,110437.00,109610.00,110851.00,109031.00,1.67M,-0.37%
8/16/2021,110437.00,111264.00,112919.00,109362.00,1.16M,0.00%
8/17/2021,109610.00,111513.00,111595.00,109610.00,952.32K,-0.75%
8/18/2021,111264.00,111678.00,113250.00,110851.00,1.56M,1.51%
8/19/2021,112753.00,112505.00,112753.00,111264.00,1.01M,1.34%
8/20/2021,110685.00,111926.00,112340.00,109941.00,1.57M,-1.83%
8/23/2021,105060.00,110024.00,110437.00,105060.00,2.06M,-5.08%
8/24/2021,106301.00,105060.00,107376.00,105060.00,1.56M,1.18%
8/25/2021,111678.00,107376.00,112919.00,106797.00,1.40M,5.06%
8/26/2021,110851.00,111761.00,113498.00,109279.00,1.16M,-0.74%
8/27/2021,112423.00,109279.00,112836.00,109279.00,2.31M,1.42%
8/30/2021,109693.00,114573.00,114573.00,109693.00,3.24M,-2.43%
8/31/2021,111678.00,109693.00,112505.00,109196.00,3.75M,1.81%
9/1/2021,110272.00,111016.00,112092.00,110024.00,1.23M,-1.26%
9/6/2021,108452.00,110851.00,110851.00,108452.00,1.82M,-1.65%
9/7/2021,107376.00,108535.00,108535.00,107128.00,1.85M,-0.99%
9/8/2021,105887.00,106715.00,107542.00,105887.00,1.67M,-1.39%
9/9/2021,108369.00,105722.00,109362.00,105556.00,1.23M,2.34%
9/10/2021,107542.00,108783.00,109527.00,107542.00,853.56K,-0.76%
9/13/2021,108038.00,108369.00,109196.00,107625.00,1.52M,0.46%
9/14/2021,112092.00,109031.00,112257.00,108204.00,3.08M,3.75%
9/15/2021,119868.00,111678.00,119868.00,111678.00,3.36M,6.94%
9/16/2021,123921.00,121605.00,124087.00,120116.00,2.74M,3.38%
9/17/2021,120778.00,122432.00,123673.00,120364.00,2.87M,-2.54%
9/20/2021,118296.00,120860.00,122846.00,118296.00,1.26M,-2.06%
9/21/2021,118710.00,116641.00,119950.00,116641.00,1.59M,0.35%
9/22/2021,121605.00,119950.00,123259.00,118710.00,1.03M,2.44%
9/23/2021,119950.00,121191.00,122846.00,118296.00,1.12M,-1.36%
9/24/2021,117800.00,119950.00,120364.00,117303.00,1.39M,-1.79%
9/27/2021,111678.00,118048.00,118710.00,111678.00,1.46M,-5.20%
9/28/2021,112505.00,111595.00,116393.00,110934.00,1.54M,0.74%
9/29/2021,116641.00,114904.00,116641.00,114160.00,676.20K,3.68%
9/30/2021,117965.00,116724.00,119454.00,116641.00,905.52K,1.14%
10/1/2021,115814.00,117469.00,118296.00,115814.00,1.03M,-1.82%
10/4/2021,116807.00,117386.00,118296.00,115897.00,594.48K,0.86%
10/5/2021,116807.00,118048.00,118213.00,116311.00,719.16K,0.00%
10/6/2021,117634.00,117882.00,117882.00,116559.00,648.36K,0.71%
10/7/2021,117221.00,118296.00,118296.00,116641.00,657.96K,-0.35%
10/8/2021,120364.00,117469.00,120778.00,117386.00,1.21M,2.68%
10/11/2021,121605.00,120364.00,122846.00,118296.00,1.11M,1.03%
10/12/2021,120364.00,122019.00,122846.00,119950.00,810.84K,-1.02%
10/13/2021,118379.00,121605.00,121605.00,118296.00,1.37M,-1.65%
10/14/2021,117551.00,118379.00,119123.00,117138.00,1.71M,-0.70%
10/15/2021,116641.00,117634.00,118627.00,116641.00,1.07M,-0.77%
10/18/2021,118296.00,116724.00,119206.00,116641.00,760.80K,1.42%
10/19/2021,116641.00,118875.00,118875.00,116559.00,918.00K,-1.40%
10/20/2021,118379.00,117138.00,118627.00,115814.00,1.18M,1.49%
10/21/2021,115980.00,118296.00,118379.00,115980.00,1.30M,-2.03%
10/22/2021,115897.00,116311.00,117055.00,115897.00,559.32K,-0.07%
10/25/2021,116145.00,118296.00,118296.00,116145.00,690.00K,0.21%
10/26/2021,115483.00,117055.00,117055.00,114822.00,1.02M,-0.57%
10/27/2021,121440.00,115814.00,122349.00,115649.00,2.42M,5.16%
10/28/2021,125493.00,121440.00,126155.00,119123.00,2.11M,3.34%
10/29/2021,124831.00,124087.00,125741.00,122019.00,1.86M,-0.53%
11/1/2021,120364.00,124087.00,124169.00,120033.00,2.00M,-3.58%
11/2/2021,120364.00,120364.00,123011.00,120281.00,1.23M,0.00%
11/3/2021,120364.00,120364.00,122432.00,119123.00,1.62M,0.00%
11/4/2021,122349.00,120612.00,123673.00,119950.00,1.38M,1.65%
11/5/2021,122267.00,122432.00,124004.00,121770.00,1.48M,-0.07%
11/8/2021,125741.00,124087.00,126238.00,123094.00,2.25M,2.84%
11/9/2021,122267.00,126486.00,126486.00,122184.00,1.77M,-2.76%
11/10/2021,122184.00,122432.00,123921.00,121522.00,1.58M,-0.07%
11/11/2021,121522.00,123094.00,124914.00,120778.00,2.09M,-0.54%
11/12/2021,123756.00,121522.00,124169.00,121440.00,1.75M,1.84%
11/15/2021,127396.00,124087.00,127396.00,122598.00,2.19M,2.94%
11/16/2021,125741.00,127230.00,128306.00,124087.00,2.04M,-1.30%
11/17/2021,124500.00,124914.00,125741.00,124169.00,434.64K,-0.99%
11/18/2021,122432.00,124500.00,125741.00,122432.00,1.27M,-1.66%
11/19/2021,121936.00,123259.00,124004.00,121936.00,1.56M,-0.41%
11/22/2021,124004.00,122019.00,124004.00,121605.00,761.52K,1.70%
11/23/2021,129464.00,122929.00,129712.00,122929.00,2.24M,4.40%
11/24/2021,129877.00,128637.00,132111.00,127478.00,1.56M,0.32%
11/25/2021,130291.00,129877.00,131532.00,128306.00,1.26M,0.32%
11/26/2021,130291.00,129050.00,130291.00,128388.00,1.36M,0.00%
11/29/2021,126155.00,128223.00,129050.00,125824.00,1.77M,-3.17%
11/30/2021,123425.00,126320.00,127313.00,123425.00,1.79M,-2.16%
12/1/2021,124004.00,123259.00,125741.00,123259.00,1.51M,0.47%
12/2/2021,125741.00,124087.00,126899.00,124087.00,1.21M,1.40%
12/3/2021,124914.00,125741.00,128637.00,124914.00,1.38M,-0.66%
12/6/2021,124914.00,124914.00,126568.00,119950.00,1.32M,0.00%
12/7/2021,125658.00,124500.00,126155.00,124500.00,683.64K,0.60%
12/8/2021,124997.00,125079.00,125741.00,124997.00,778.08K,-0.53%
12/9/2021,127396.00,124087.00,127396.00,124087.00,941.28K,1.92%
12/10/2021,127148.00,126568.00,127396.00,124252.00,1.20M,-0.19%
12/13/2021,129050.00,127478.00,130208.00,127230.00,1.75M,1.50%
12/14/2021,129877.00,128967.00,130291.00,128802.00,1.13M,0.64%
12/15/2021,133186.00,129050.00,133186.00,129050.00,1.47M,2.55%
12/16/2021,132359.00,133186.00,133931.00,125907.00,1.15M,-0.62%
12/17/2021,130291.00,132111.00,133683.00,130043.00,3.58M,-1.56%
12/20/2021,134014.00,134014.00,134758.00,130291.00,6.04M,2.86%
12/21/2021,137819.00,134014.00,137902.00,132359.00,9.03M,2.84%
12/22/2021,140632.00,138977.00,141459.00,137488.00,10.42M,2.04%
12/23/2021,141459.00,140549.00,144768.00,137819.00,11.84M,0.59%
12/24/2021,141459.00,141459.00,144768.00,139060.00,9.27M,0.00%
12/27/2021,139804.00,141376.00,144768.00,139060.00,8.54M,-1.17%
12/28/2021,141872.00,140218.00,144602.00,138315.00,9.23M,1.48%
12/29/2021,142286.00,141872.00,144023.00,140218.00,7.46M,0.29%
12/30/2021,141872.00,142286.00,142948.00,139804.00,6.11M,-0.29%
12/31/2021,141459.00,140466.00,141955.00,139556.00,7.85M,-0.29%
1/4/2022,140632.00,141459.00,141459.00,139804.00,1.20M,-0.58%
1/5/2022,133186.00,141459.00,141459.00,133186.00,1.51M,-5.29%
1/6/2022,127230.00,133186.00,133186.00,127230.00,1.98M,-4.47%
1/7/2022,127396.00,128967.00,131946.00,127396.00,1.57M,0.13%
1/10/2022,126568.00,128967.00,128967.00,126568.00,534.48K,-0.65%
1/11/2022,119868.00,126568.00,127396.00,119868.00,1.61M,-5.29%
1/12/2022,119868.00,120364.00,122267.00,119702.00,1.27M,0.00%
1/13/2022,119785.00,119950.00,121440.00,117138.00,1.17M,-0.07%
1/14/2022,119785.00,117551.00,119950.00,117551.00,588.96K,0.00%
1/17/2022,117469.00,119950.00,120612.00,113250.00,995.88K,-1.93%
1/18/2022,117551.00,115814.00,125658.00,115401.00,1.05M,0.07%
1/19/2022,122019.00,116807.00,125328.00,116807.00,1.52M,3.80%
1/20/2022,123425.00,124087.00,124914.00,122432.00,1.05M,1.15%
1/21/2022,124914.00,126072.00,126072.00,123425.00,1.04M,1.21%
1/24/2022,118296.00,122680.00,124252.00,118296.00,1.14M,-5.30%
1/25/2022,126568.00,119123.00,126568.00,116724.00,1.26M,6.99%
1/26/2022,121605.00,127727.00,127727.00,121605.00,1.16M,-3.92%
1/27/2022,117469.00,121191.00,121191.00,117469.00,873.24K,-3.40%
1/28/2022,118296.00,118379.00,121770.00,118296.00,428.28K,0.70%
2/7/2022,122349.00,119950.00,122846.00,118296.00,734.28K,3.43%
2/8/2022,120364.00,121109.00,122184.00,119950.00,602.40K,-1.62%
2/9/2022,121274.00,121191.00,122846.00,119950.00,702.60K,0.76%
2/10/2022,123756.00,122432.00,123756.00,121522.00,1.72M,2.05%
2/11/2022,123921.00,124087.00,125328.00,122515.00,585.00K,0.13%
2/14/2022,125410.00,122846.00,125410.00,122515.00,1.11M,1.20%
2/15/2022,132773.00,125576.00,132773.00,124087.00,1.89M,5.87%
2/16/2022,130787.00,132359.00,132359.00,130291.00,987.84K,-1.50%
2/17/2022,134841.00,130705.00,134841.00,130456.00,2.01M,3.10%
2/18/2022,135089.00,132359.00,136495.00,131366.00,1.42M,0.18%
2/21/2022,132607.00,135172.00,135172.00,132442.00,1.15M,-1.84%
2/22/2022,130291.00,129298.00,132194.00,129298.00,670.92K,-1.75%
2/23/2022,130043.00,130208.00,131946.00,129464.00,551.52K,-0.19%
2/24/2022,131946.00,129464.00,134841.00,128719.00,1.19M,1.46%
2/25/2022,130705.00,133186.00,133186.00,130705.00,687.00K,-0.94%
2/28/2022,129050.00,130705.00,132276.00,129050.00,512.28K,-1.27%
3/1/2022,129464.00,129877.00,130291.00,128637.00,432.00K,0.32%
3/2/2022,129877.00,128223.00,130705.00,128223.00,987.48K,0.32%
3/3/2022,131615.00,131284.00,134014.00,129629.00,903.48K,1.34%
3/4/2022,133435.00,131946.00,134675.00,130705.00,1.44M,1.38%
3/7/2022,130870.00,132111.00,134345.00,130705.00,1.13M,-1.92%
3/8/2022,131366.00,130705.00,132442.00,130291.00,761.16K,0.38%
3/9/2022,128637.00,131118.00,132276.00,127809.00,1.05M,-2.08%
3/10/2022,124087.00,128802.00,130953.00,124087.00,1.49M,-3.54%
3/11/2022,117882.00,123259.00,125328.00,117882.00,1.88M,-5.00%
3/14/2022,112588.00,117634.00,117634.00,110934.00,1.98M,-4.49%
3/15/2022,116724.00,112092.00,116724.00,112092.00,1.22M,3.67%
3/16/2022,116228.00,118048.00,118048.00,115814.00,604.68K,-0.42%
3/17/2022,114160.00,116641.00,117717.00,114160.00,920.16K,-1.78%
3/18/2022,113084.00,114987.00,118048.00,113084.00,3.05M,-0.94%
3/21/2022,119950.00,114904.00,120116.00,114822.00,1.07M,6.07%
3/22/2022,122846.00,120364.00,124914.00,118296.00,1.16M,2.41%
3/23/2022,121605.00,121440.00,127230.00,120033.00,1.68M,-1.01%
3/24/2022,121274.00,122763.00,124087.00,121274.00,912.36K,-0.27%
3/25/2022,121109.00,121605.00,122267.00,119702.00,654.72K,-0.14%
3/28/2022,120447.00,119950.00,120695.00,118296.00,756.00K,-0.55%
3/29/2022,119123.00,120778.00,121936.00,118710.00,714.24K,-1.10%
3/30/2022,119123.00,118379.00,120364.00,117551.00,810.48K,0.00%
3/31/2022,117634.00,119041.00,119371.00,117386.00,707.04K,-1.25%
4/1/2022,121191.00,119123.00,122929.00,117882.00,970.44K,3.02%
4/4/2022,124087.00,123259.00,128223.00,122846.00,2.02M,2.39%
4/5/2022,125410.00,125576.00,127230.00,124087.00,887.16K,1.07%
4/6/2022,127230.00,125658.00,128223.00,124169.00,1.65M,1.45%
4/7/2022,124914.00,128223.00,128223.00,124914.00,1.34M,-1.82%
4/8/2022,122846.00,125328.00,125328.00,122846.00,1.40M,-1.66%
4/12/2022,124484.00,129050.00,129050.00,122995.00,1.37M,1.33%
4/13/2022,125973.00,125079.00,128554.00,125079.00,989.50K,1.20%
4/14/2022,124782.00,126072.00,126568.00,123590.00,800.00K,-0.95%
4/15/2022,124087.00,125278.00,125675.00,123193.00,1.02M,-0.56%
4/18/2022,123094.00,125576.00,125576.00,123094.00,890.80K,-0.80%
4/19/2022,119620.00,123987.00,124583.00,118627.00,943.10K,-2.82%
4/20/2022,123392.00,120513.00,124087.00,119620.00,1.12M,3.15%
4/21/2022,122101.00,121109.00,124087.00,121109.00,1.51M,-1.05%
4/22/2022,122399.00,122101.00,124087.00,121605.00,1.75M,0.24%
4/25/2022,115153.00,123690.00,123690.00,114954.00,1.08M,-5.92%
4/26/2022,115153.00,115847.00,123193.00,108303.00,2.21M,0.00%
4/27/2022,118131.00,115153.00,120910.00,110189.00,1.24M,2.59%
4/28/2022,115649.00,118131.00,119024.00,115649.00,837.60K,-2.10%
4/29/2022,115153.00,116145.00,117734.00,114259.00,1.10M,-0.43%
5/4/2022,112274.00,115153.00,115947.00,112174.00,512.20K,-2.50%
5/5/2022,118131.00,113167.00,118131.00,112571.00,933.30K,5.22%
5/6/2022,116145.00,114160.00,117634.00,114160.00,825.30K,-1.68%
5/9/2022,114061.00,115153.00,115351.00,110189.00,1.08M,-1.79%
5/10/2022,115252.00,113266.00,115252.00,109395.00,1.09M,1.04%
5/11/2022,111082.00,112869.00,114160.00,110685.00,990.80K,-3.62%
5/12/2022,103339.00,111082.00,111877.00,103339.00,1.06M,-6.97%
5/13/2022,96192.00,102347.00,104233.00,96192.00,1.76M,-6.92%
5/16/2022,89541.00,98277.00,98872.00,89541.00,1.05M,-6.91%
5/17/2022,95795.00,87357.00,95795.00,85074.00,1.57M,6.98%
5/18/2022,102446.00,97383.00,102446.00,92817.00,1.29M,6.94%
5/19/2022,109593.00,101255.00,109593.00,99269.00,1.72M,6.98%
5/20/2022,107012.00,108998.00,110884.00,106218.00,930.90K,-2.36%
5/23/2022,103737.00,107807.00,108104.00,103240.00,700.70K,-3.06%
5/24/2022,108204.00,103737.00,109097.00,103240.00,829.90K,4.31%
5/25/2022,109693.00,108204.00,112671.00,106715.00,829.70K,1.38%
5/26/2022,107807.00,109693.00,109891.00,107211.00,834.00K,-1.72%
5/27/2022,109196.00,108005.00,111082.00,107211.00,771.70K,1.29%
5/30/2022,109196.00,109196.00,109196.00,108104.00,671.10K,0.00%
5/31/2022,111579.00,107211.00,111579.00,107211.00,1.27M,2.18%
6/1/2022,114160.00,109196.00,114160.00,109196.00,1.10M,2.31%
6/2/2022,113465.00,114160.00,114160.00,112075.00,457.80K,-0.61%
6/3/2022,111976.00,113663.00,113663.00,110685.00,394.80K,-1.31%
6/6/2022,116145.00,111976.00,116145.00,107211.00,1.73M,3.72%
6/7/2022,117039.00,114259.00,117039.00,112373.00,1.46M,0.77%
6/8/2022,118428.00,117138.00,120612.00,117039.00,1.32M,1.19%
6/9/2022,117634.00,117634.00,119123.00,117237.00,711.40K,-0.67%
6/10/2022,116145.00,114259.00,117634.00,114259.00,632.50K,-1.27%
6/13/2022,108204.00,112274.00,114160.00,108204.00,1.10M,-6.84%
6/14/2022,105523.00,103339.00,108998.00,103339.00,1.66M,-2.48%
6/15/2022,105226.00,106218.00,108204.00,103935.00,997.00K,-0.28%
6/16/2022,109891.00,106218.00,112571.00,106218.00,1.39M,4.43%
6/17/2022,116145.00,107211.00,116145.00,106516.00,1.63M,5.69%
6/20/2022,110189.00,114160.00,116642.00,110189.00,862.00K,-5.13%
6/21/2022,110189.00,109990.00,112969.00,108402.00,954.60K,0.00%
6/22/2022,105226.00,110189.00,113167.00,105226.00,802.70K,-4.50%
6/23/2022,109196.00,105226.00,109196.00,105226.00,397.30K,3.77%
6/24/2022,108700.00,107707.00,109395.00,107707.00,543.00K,-0.45%
6/27/2022,112174.00,108998.00,112571.00,107707.00,882.00K,3.20%
6/28/2022,113167.00,112174.00,113366.00,109494.00,1.21M,0.89%
6/29/2022,113167.00,108204.00,114160.00,108204.00,713.40K,0.00%
6/30/2022,111182.00,111380.00,113366.00,110685.00,456.00K,-1.75%
7/1/2022,108700.00,111082.00,111182.00,108204.00,478.20K,-2.23%
7/4/2022,107700.00,109500.00,110000.00,107100.00,357.80K,-0.92%
7/5/2022,102000.00,107900.00,108500.00,102000.00,942.50K,-5.29%
7/6/2022,100000.00,102000.00,106200.00,100000.00,1.18M,-1.96%
7/7/2022,103000.00,100000.00,104500.00,100000.00,444.90K,3.00%
7/8/2022,104900.00,103500.00,104900.00,103500.00,609.70K,1.84%
7/11/2022,102500.00,101500.00,103900.00,101500.00,565.10K,-2.29%
7/12/2022,102000.00,103500.00,104000.00,101500.00,287.10K,-0.49%
7/13/2022,101000.00,100700.00,103700.00,100700.00,549.10K,-0.98%
7/14/2022,102500.00,101200.00,103000.00,101100.00,356.20K,1.49%
7/15/2022,101200.00,101900.00,103500.00,101000.00,413.90K,-1.27%
7/18/2022,102600.00,101100.00,103800.00,100500.00,666.60K,1.38%
7/19/2022,102000.00,102500.00,102500.00,101000.00,367.20K,-0.58%
7/20/2022,103000.00,102100.00,105500.00,102000.00,679.40K,0.98%
7/21/2022,105500.00,103200.00,106900.00,103000.00,1.03M,2.43%
7/22/2022,108500.00,105100.00,109000.00,103700.00,1.24M,2.84%
7/25/2022,108600.00,105700.00,111300.00,105700.00,461.10K,0.09%
7/26/2022,110000.00,107000.00,110000.00,107000.00,487.40K,1.29%
7/27/2022,109900.00,109200.00,110000.00,108000.00,334.40K,-0.09%
7/28/2022,109900.00,110000.00,110500.00,108000.00,619.20K,0.00%
7/29/2022,106100.00,111000.00,112000.00,106100.00,840.10K,-3.46%
8/1/2022,109400.00,107000.00,111000.00,106500.00,730.60K,3.11%
8/2/2022,110000.00,109600.00,111000.00,107100.00,1.11M,0.55%
8/3/2022,110000.00,109500.00,110200.00,106800.00,1.45M,0.00%
8/4/2022,107900.00,110000.00,110200.00,106700.00,1.59M,-1.91%
8/5/2022,104500.00,107900.00,108000.00,104100.00,1.92M,-3.15%
8/8/2022,104800.00,104500.00,105800.00,104500.00,637.40K,0.29%
8/9/2022,105200.00,106000.00,106100.00,104500.00,502.90K,0.38%
8/10/2022,105800.00,105200.00,107000.00,104700.00,560.10K,0.57%
8/11/2022,106800.00,106000.00,107500.00,105300.00,772.10K,0.95%
8/12/2022,107200.00,106700.00,107200.00,105700.00,252.20K,0.37%
8/15/2022,108500.00,107900.00,108800.00,106500.00,554.60K,1.21%
8/16/2022,109000.00,108500.00,109200.00,107100.00,619.60K,0.46%
8/17/2022,111300.00,109300.00,111700.00,108500.00,1.17M,2.11%
8/18/2022,112000.00,111500.00,114900.00,110600.00,1.72M,0.63%
8/19/2022,112000.00,112000.00,113900.00,110800.00,458.30K,0.00%
8/22/2022,111800.00,112000.00,113800.00,111000.00,460.70K,-0.18%
8/23/2022,112600.00,111200.00,113000.00,111000.00,649.50K,0.72%
8/24/2022,111900.00,112800.00,114000.00,111900.00,556.20K,-0.62%
8/25/2022,112800.00,111200.00,113400.00,111000.00,564.70K,0.80%
8/26/2022,112200.00,113500.00,113500.00,112000.00,359.70K,-0.53%
8/29/2022,112200.00,111000.00,113800.00,111000.00,572.70K,0.00%
8/30/2022,113700.00,113000.00,114800.00,112000.00,574.20K,1.34%
8/31/2022,114500.00,113800.00,115500.00,113800.00,786.70K,0.70%
9/5/2022,115500.00,113500.00,115800.00,113100.00,556.80K,0.87%
9/6/2022,115000.00,115500.00,116600.00,114200.00,337.20K,-0.43%
9/7/2022,112000.00,114800.00,115400.00,112000.00,836.30K,-2.61%
9/8/2022,115000.00,113500.00,115000.00,112000.00,484.10K,2.68%
9/9/2022,116100.00,115500.00,117000.00,114400.00,539.30K,0.96%
9/12/2022,115000.00,116100.00,116500.00,114500.00,327.70K,-0.95%
9/13/2022,114000.00,114500.00,116400.00,114000.00,542.20K,-0.87%
9/14/2022,112000.00,114000.00,114000.00,112000.00,554.50K,-1.75%
9/15/2022,112000.00,114200.00,114500.00,111000.00,538.40K,0.00%
9/16/2022,112800.00,111800.00,112800.00,109800.00,1.71M,0.71%
9/19/2022,112500.00,111000.00,113500.00,111000.00,548.80K,-0.27%
9/20/2022,113300.00,112000.00,113400.00,111800.00,302.80K,0.71%
9/21/2022,112000.00,113000.00,113400.00,111100.00,332.40K,-1.15%
9/22/2022,110000.00,110900.00,111500.00,108100.00,435.20K,-1.79%
9/23/2022,108600.00,109000.00,110000.00,108300.00,353.90K,-1.27%
9/26/2022,107700.00,107200.00,109500.00,107000.00,658.10K,-0.83%
9/27/2022,107700.00,106000.00,108600.00,106000.00,343.30K,0.00%
9/28/2022,102100.00,105100.00,105900.00,102100.00,415.60K,-5.20%
9/29/2022,100000.00,102600.00,104100.00,100000.00,443.00K,-2.06%
9/30/2022,99000.00,98200.00,103200.00,98200.00,893.20K,-1.00%
10/3/2022,94000.00,97000.00,98500.00,92200.00,752.70K,-5.05%
10/4/2022,90500.00,93100.00,95000.00,90400.00,991.50K,-3.72%
10/5/2022,91400.00,93300.00,93300.00,91000.00,559.60K,0.99%
10/6/2022,86700.00,91400.00,91500.00,86000.00,948.30K,-5.14%
10/7/2022,81500.00,84800.00,86600.00,80700.00,1.46M,-6.00%
10/10/2022,80500.00,80000.00,87000.00,77000.00,1.09M,-1.23%
10/11/2022,79800.00,80100.00,80100.00,74900.00,1.97M,-0.87%
10/12/2022,81100.00,81400.00,82500.00,79800.00,2.40M,1.63%
10/13/2022,78700.00,82000.00,82000.00,78000.00,1.01M,-2.96%
10/14/2022,79000.00,81000.00,81000.00,79000.00,1.55M,0.38%
10/17/2022,79000.00,78900.00,80500.00,77000.00,1.48M,0.00%
10/18/2022,82000.00,80000.00,83200.00,79900.00,1.77M,3.80%
10/19/2022,80000.00,82500.00,82500.00,79900.00,1.40M,-2.44%
10/20/2022,80200.00,79500.00,80800.00,78500.00,1.68M,0.25%
10/21/2022,74800.00,81000.00,81000.00,74800.00,1.65M,-6.73%
10/24/2022,72800.00,74800.00,75800.00,69600.00,1.30M,-2.67%
10/25/2022,75000.00,72500.00,75000.00,69100.00,1.85M,3.02%
10/26/2022,78000.00,75000.00,78000.00,73300.00,1.01M,4.00%
10/27/2022,83000.00,78700.00,83000.00,77000.00,1.61M,6.41%
10/28/2022,83900.00,83000.00,83900.00,81500.00,1.77M,1.08%
10/31/2022,85500.00,83900.00,86000.00,82700.00,1.33M,1.91%
11/1/2022,86500.00,86400.00,87200.00,83800.00,1.13M,1.17%
11/2/2022,81000.00,86500.00,87000.00,81000.00,893.00K,-6.36%
11/3/2022,85400.00,80000.00,85400.00,79900.00,737.80K,5.43%
11/4/2022,84300.00,84000.00,85400.00,81000.00,952.90K,-1.29%
11/7/2022,84500.00,84300.00,88000.00,82500.00,1.27M,0.24%
11/8/2022,86000.00,84000.00,87800.00,81000.00,1.18M,1.78%
11/9/2022,87000.00,86500.00,87500.00,84500.00,1.23M,1.16%
11/10/2022,81000.00,87000.00,87100.00,81000.00,1.02M,-6.90%
11/11/2022,86500.00,82000.00,86600.00,82000.00,1.06M,6.79%
11/14/2022,89100.00,85500.00,92500.00,84100.00,1.29M,3.01%
11/15/2022,89400.00,89100.00,89800.00,85800.00,1.07M,0.34%
11/16/2022,90900.00,85500.00,90900.00,84500.00,1.31M,1.68%
11/17/2022,97000.00,90500.00,97000.00,90200.00,1.53M,6.71%
11/18/2022,95200.00,97100.00,97500.00,91500.00,1.02M,-1.86%
11/21/2022,95100.00,95200.00,95200.00,93400.00,633.40K,-0.11%
11/22/2022,91800.00,93600.00,98000.00,88500.00,1.40M,-3.47%
11/23/2022,92900.00,88600.00,92900.00,88300.00,834.20K,1.20%
11/24/2022,89000.00,91500.00,91500.00,88000.00,1.04M,-4.20%
11/25/2022,94000.00,90000.00,94500.00,90000.00,923.10K,5.62%
11/28/2022,97200.00,94000.00,97200.00,93500.00,2.13M,3.40%
11/29/2022,99000.00,97200.00,99000.00,95500.00,2.17M,1.85%
11/30/2022,102000.00,99500.00,102000.00,92900.00,1.50M,3.03%
12/1/2022,99000.00,102000.00,102000.00,99000.00,1.54M,-2.94%
12/2/2022,103900.00,99000.00,103900.00,98400.00,1.44M,4.95%
12/5/2022,105000.00,102900.00,110000.00,102500.00,1.02M,1.06%
12/6/2022,102000.00,105500.00,105500.00,101600.00,1.10M,-2.86%
12/7/2022,100000.00,102000.00,106000.00,100000.00,734.10K,-1.96%
12/8/2022,96000.00,103800.00,105000.00,96000.00,903.00K,-4.00%
12/9/2022,97000.00,99000.00,101900.00,96100.00,1.18M,1.04%
12/12/2022,97000.00,100000.00,100000.00,96000.00,913.30K,0.00%
12/13/2022,97000.00,96900.00,97500.00,95800.00,1.49M,0.00%
12/14/2022,96000.00,98500.00,98500.00,95100.00,1.03M,-1.03%
12/15/2022,98200.00,97000.00,99000.00,95100.00,687.60K,2.29%
12/16/2022,93500.00,98000.00,98000.00,93500.00,2.67M,-4.79%
12/19/2022,95000.00,94200.00,95300.00,92500.00,1.26M,1.60%
12/20/2022,94000.00,93400.00,95000.00,92100.00,568.10K,-1.05%
12/21/2022,94900.00,94700.00,94900.00,93000.00,582.50K,0.96%
12/22/2022,94400.00,95000.00,95600.00,93000.00,371.00K,-0.53%
12/23/2022,95000.00,92500.00,95200.00,91400.00,552.90K,0.64%
12/26/2022,91500.00,95000.00,95000.00,91500.00,613.80K,-3.68%
12/27/2022,91600.00,91500.00,95800.00,91200.00,617.30K,0.11%
12/28/2022,93000.00,91700.00,96000.00,91100.00,661.40K,1.53%
12/29/2022,94000.00,92500.00,95800.00,92500.00,629.60K,1.08%
12/30/2022,93000.00,96000.00,96000.00,93000.00,453.20K,-1.06%
1/3/2023,96000.00,95000.00,96000.00,93000.00,740.40K,3.23%
1/4/2023,99300.00,97000.00,99300.00,95000.00,549.40K,3.44%
1/5/2023,99500.00,100000.00,100100.00,98000.00,684.60K,0.20%
1/6/2023,95800.00,99500.00,99500.00,95000.00,541.30K,-3.72%
1/9/2023,96500.00,96700.00,97300.00,95500.00,398.20K,0.73%
1/10/2023,95400.00,96500.00,96900.00,93600.00,613.40K,-1.14%
1/11/2023,96000.00,96000.00,96300.00,94300.00,556.80K,0.63%
1/12/2023,93300.00,96100.00,96300.00,93000.00,537.40K,-2.81%
1/13/2023,95000.00,94100.00,95000.00,93400.00,319.70K,1.82%
1/16/2023,94900.00,95000.00,96000.00,93700.00,339.60K,-0.11%
1/17/2023,97500.00,94700.00,97500.00,93300.00,600.00K,2.74%
1/18/2023,99900.00,97500.00,99900.00,96100.00,620.90K,2.46%
1/19/2023,102000.00,98300.00,102000.00,95300.00,1.02M,2.10%
1/27/2023,103700.00,102000.00,106000.00,101900.00,741.60K,1.67%
1/30/2023,102000.00,105000.00,105400.00,102000.00,330.20K,-1.64%
1/31/2023,101100.00,100100.00,102000.00,100100.00,354.70K,-0.88%
2/1/2023,95200.00,100200.00,101800.00,95100.00,958.20K,-5.84%
2/2/2023,96700.00,97900.00,97900.00,95000.00,736.90K,1.58%
2/3/2023,96500.00,95600.00,96700.00,93600.00,567.90K,-0.21%
2/6/2023,96300.00,94200.00,96300.00,93500.00,685.60K,-0.21%
2/7/2023,94100.00,96000.00,96000.00,93300.00,857.10K,-2.28%
2/8/2023,93500.00,94100.00,95500.00,93500.00,446.70K,-0.64%
2/9/2023,91800.00,93500.00,94500.00,91800.00,773.60K,-1.82%
2/10/2023,91200.00,91800.00,92000.00,89500.00,680.90K,-0.65%
2/13/2023,92900.00,91200.00,92900.00,90100.00,468.60K,1.86%
2/14/2023,92900.00,92900.00,93400.00,91600.00,392.70K,0.00%
2/15/2023,93000.00,92000.00,93300.00,92000.00,617.80K,0.11%
2/16/2023,92900.00,93000.00,93400.00,92100.00,379.90K,-0.11%
2/17/2023,91300.00,93000.00,93000.00,91100.00,279.50K,-1.72%
2/20/2023,94500.00,91400.00,94500.00,91400.00,685.10K,3.50%
2/21/2023,93800.00,94000.00,94800.00,93200.00,258.40K,-0.74%
2/22/2023,91000.00,93000.00,93300.00,91000.00,784.40K,-2.99%
2/23/2023,87600.00,91500.00,91500.00,87000.00,672.90K,-3.74%
2/24/2023,85900.00,88800.00,88800.00,84900.00,716.20K,-1.94%
2/27/2023,79900.00,83900.00,84500.00,79900.00,900.50K,-6.98%
2/28/2023,82000.00,82000.00,82500.00,80000.00,585.40K,2.63%
3/1/2023,80500.00,80000.00,81800.00,79700.00,1.08M,-1.83%
3/2/2023,79000.00,80400.00,81300.00,79000.00,540.20K,-1.86%
3/3/2023,76000.00,79700.00,79800.00,76000.00,581.00K,-3.80%
3/6/2023,74400.00,76500.00,78000.00,74400.00,850.80K,-2.11%
3/7/2023,78300.00,76000.00,79600.00,75200.00,1.89M,5.24%
3/8/2023,80400.00,78200.00,81000.00,77800.00,1.50M,2.68%
3/9/2023,80800.00,80500.00,82000.00,80100.00,1.26M,0.50%
3/10/2023,83900.00,80500.00,84500.00,80500.00,1.41M,3.84%
3/13/2023,84500.00,83800.00,85800.00,83800.00,1.59M,0.72%
3/14/2023,83600.00,84100.00,85000.00,82500.00,939.10K,-1.07%
3/15/2023,84700.00,83700.00,85100.00,83600.00,1.11M,1.32%
3/16/2023,83800.00,84700.00,84700.00,82000.00,897.90K,-1.06%
3/17/2023,83500.00,83800.00,84000.00,82700.00,1.17M,-0.36%
3/20/2023,81500.00,82600.00,82800.00,79400.00,1.33M,-2.40%
3/21/2023,80100.00,81500.00,83200.00,79000.00,1.06M,-1.72%
3/22/2023,80500.00,80200.00,80600.00,78200.00,2.04M,0.50%
3/23/2023,79000.00,79700.00,79700.00,78500.00,1.50M,-1.86%
3/24/2023,78000.00,79000.00,79000.00,77700.00,1.37M,-1.27%
3/27/2023,76700.00,78200.00,78200.00,76200.00,1.64M,-1.67%
3/28/2023,77600.00,77500.00,77800.00,76800.00,1.76M,1.17%
3/29/2023,78800.00,77600.00,78800.00,76800.00,1.18M,1.55%
3/30/2023,79200.00,79300.00,79600.00,78500.00,1.11M,0.51%
3/31/2023,77800.00,79200.00,79400.00,77800.00,1.34M,-1.77%
4/3/2023,76800.00,78800.00,78800.00,76800.00,1.65M,-1.29%
4/4/2023,78400.00,76900.00,78600.00,76900.00,1.32M,2.08%
4/5/2023,78400.00,78700.00,79200.00,77600.00,835.00K,0.00%
4/6/2023,77000.00,78100.00,78400.00,77000.00,1.05M,-1.79%
4/7/2023,77600.00,77000.00,77900.00,76900.00,611.10K,0.78%
4/10/2023,77200.00,77700.00,78100.00,77100.00,863.30K,-0.52%
4/11/2023,77900.00,77600.00,78000.00,77200.00,753.70K,0.91%
4/12/2023,79500.00,77900.00,80200.00,77900.00,1.60M,2.05%
4/13/2023,79200.00,80000.00,80500.00,79200.00,1.22M,-0.38%
4/14/2023,78100.00,79300.00,79900.00,78100.00,1.42M,-1.39%
4/17/2023,78100.00,78000.00,78200.00,77200.00,912.50K,0.00%
4/18/2023,78200.00,78200.00,78500.00,77800.00,536.30K,0.13%
4/19/2023,78700.00,78200.00,79800.00,78000.00,1.24M,0.64%
4/20/2023,78000.00,79000.00,79100.00,77700.00,754.80K,-0.89%
4/21/2023,76400.00,78000.00,78100.00,76200.00,1.13M,-2.05%
4/24/2023,73300.00,76600.00,76600.00,73300.00,1.59M,-4.06%
4/25/2023,71300.00,73900.00,73900.00,71100.00,1.02M,-2.73%
4/26/2023,71400.00,71300.00,71900.00,70500.00,1.17M,0.14%
4/27/2023,72300.00,71700.00,72900.00,71300.00,466.30K,1.26%
4/28/2023,73100.00,72700.00,73200.00,72300.00,612.10K,1.11%
5/4/2023,70600.00,72800.00,72800.00,70600.00,824.10K,-3.42%
5/5/2023,73000.00,70600.00,73100.00,70500.00,950.00K,3.40%
5/8/2023,74100.00,73500.00,75200.00,73100.00,1.04M,1.51%
5/9/2023,73600.00,74100.00,74600.00,73400.00,646.90K,-0.67%
5/10/2023,73600.00,74000.00,75000.00,73600.00,749.90K,0.00%
5/11/2023,73800.00,73700.00,74300.00,73300.00,454.10K,0.27%
5/12/2023,74400.00,73300.00,74500.00,73300.00,431.70K,0.81%
5/15/2023,74100.00,74400.00,75200.00,74100.00,718.70K,-0.40%
5/16/2023,73300.00,74100.00,74200.00,73200.00,384.40K,-1.08%
5/17/2023,73100.00,73300.00,74000.00,73000.00,645.60K,-0.27%
5/18/2023,73200.00,73200.00,73800.00,72700.00,994.70K,0.14%
5/19/2023,72400.00,73200.00,73200.00,71600.00,760.30K,-1.09%
5/22/2023,72000.00,71400.00,72500.00,71400.00,809.50K,-0.55%
5/23/2023,70400.00,72000.00,72000.00,70200.00,2.30M,-2.22%
5/24/2023,71800.00,70900.00,71900.00,70000.00,951.30K,1.99%
5/25/2023,72000.00,71800.00,72500.00,70800.00,740.00K,0.28%
5/26/2023,72000.00,71800.00,72100.00,71400.00,757.50K,0.00%
5/29/2023,71600.00,72100.00,72200.00,71400.00,483.80K,-0.56%
5/30/2023,72800.00,71600.00,73200.00,71600.00,946.70K,1.68%
5/31/2023,72000.00,72900.00,73500.00,72000.00,718.50K,-1.10%
6/1/2023,71800.00,72000.00,72200.00,71500.00,326.40K,-0.28%
6/2/2023,72300.00,72000.00,72700.00,71800.00,936.10K,0.70%
6/5/2023,74100.00,73000.00,74700.00,72800.00,2.01M,2.49%
6/6/2023,73600.00,74000.00,74600.00,73500.00,1.27M,-0.67%
6/7/2023,75500.00,74200.00,75700.00,73500.00,2.30M,2.58%
6/8/2023,74400.00,76300.00,76400.00,74300.00,1.25M,-1.46%
6/9/2023,76500.00,75000.00,76900.00,74200.00,2.41M,2.82%
6/12/2023,78400.00,77000.00,78400.00,76600.00,2.60M,2.48%
6/13/2023,78800.00,78600.00,78800.00,77900.00,1.70M,0.51%
6/14/2023,78000.00,78800.00,79400.00,77800.00,2.34M,-1.02%
6/15/2023,77100.00,78000.00,78100.00,76700.00,1.22M,-1.15%
6/16/2023,76600.00,77500.00,77600.00,75400.00,2.12M,-0.65%
6/19/2023,74500.00,76500.00,76500.00,74500.00,1.15M,-2.74%
6/20/2023,75200.00,74300.00,75300.00,74300.00,605.60K,0.94%
6/21/2023,76100.00,75100.00,76200.00,74600.00,1.02M,1.20%
6/22/2023,76300.00,76100.00,76500.00,75800.00,850.90K,0.26%
6/23/2023,77300.00,76100.00,77800.00,75700.00,1.60M,1.31%
6/26/2023,77700.00,78000.00,79000.00,77000.00,981.30K,0.52%
6/27/2023,77700.00,77800.00,78000.00,76900.00,685.50K,0.00%
6/28/2023,77000.00,77900.00,77900.00,76700.00,691.70K,-0.90%
6/29/2023,75400.00,76800.00,76800.00,75400.00,1.15M,-2.08%
6/30/2023,75200.00,75400.00,76200.00,75200.00,866.60K,-0.27%
7/3/2023,75400.00,75200.00,76000.00,75200.00,646.20K,0.27%
7/4/2023,75600.00,75400.00,75900.00,75300.00,823.20K,0.27%
7/5/2023,75800.00,75900.00,76300.00,75500.00,1.40M,0.26%
7/6/2023,76000.00,75500.00,76100.00,75500.00,964.10K,0.26%
7/7/2023,75200.00,76200.00,76200.00,75200.00,1.42M,-1.05%
7/10/2023,77900.00,75400.00,77900.00,75400.00,2.35M,3.59%
7/11/2023,79200.00,78100.00,80100.00,78100.00,2.85M,1.67%
7/12/2023,79500.00,80100.00,80100.00,79000.00,1.61M,0.38%
7/13/2023,81800.00,79600.00,81900.00,79500.00,2.67M,2.89%
7/14/2023,81800.00,82000.00,82700.00,80700.00,1.69M,0.00%
7/17/2023,80700.00,81800.00,81800.00,80500.00,1.45M,-1.34%
7/18/2023,80500.00,80600.00,81300.00,80200.00,1.27M,-0.25%
7/19/2023,80800.00,80600.00,81300.00,80500.00,1.37M,0.37%
7/20/2023,79500.00,80900.00,80900.00,79100.00,2.34M,-1.61%
7/21/2023,83000.00,79500.00,83000.00,79500.00,2.08M,4.40%
7/24/2023,84000.00,84600.00,84700.00,83200.00,2.68M,1.20%
7/25/2023,83400.00,84100.00,84500.00,83000.00,1.94M,-0.71%
7/26/2023,84600.00,83400.00,85200.00,83200.00,1.72M,1.44%
7/27/2023,84200.00,84500.00,84700.00,84000.00,1.85M,-0.47%
7/28/2023,86100.00,84200.00,86200.00,84000.00,2.24M,2.26%
7/31/2023,87300.00,87000.00,88200.00,86800.00,2.58M,1.39%
8/1/2023,86700.00,87600.00,87600.00,86400.00,1.84M,-0.69%
8/2/2023,85200.00,86400.00,86400.00,85100.00,2.26M,-1.73%
8/3/2023,86100.00,85500.00,86600.00,85200.00,1.88M,1.06%
8/4/2023,86300.00,86300.00,86700.00,85700.00,2.04M,0.23%
8/7/2023,88200.00,86700.00,88200.00,86000.00,2.41M,2.20%
8/8/2023,89200.00,89300.00,89400.00,87900.00,2.45M,1.13%
8/9/2023,88000.00,89000.00,89000.00,87800.00,2.42M,-1.35%
8/10/2023,83000.00,87300.00,87900.00,83000.00,4.72M,-5.68%
8/11/2023,84500.00,82800.00,85000.00,82500.00,2.07M,1.81%
8/14/2023,82200.00,84500.00,84500.00,82200.00,2.72M,-2.72%
8/15/2023,82400.00,82500.00,83800.00,81400.00,2.24M,0.24%
8/16/2023,81800.00,82300.00,82400.00,81200.00,1.87M,-0.73%
8/17/2023,82100.00,81800.00,82800.00,81400.00,1.89M,0.37%
8/18/2023,79000.00,82100.00,82400.00,78500.00,3.56M,-3.78%
8/21/2023,78400.00,78300.00,79800.00,78300.00,2.25M,-0.76%
8/22/2023,77700.00,78500.00,78900.00,76300.00,1.85M,-0.89%
8/23/2023,77500.00,78000.00,78600.00,77000.00,1.46M,-0.26%
8/24/2023,80000.00,77300.00,80000.00,77300.00,1.76M,3.23%
8/25/2023,79700.00,80000.00,80500.00,79200.00,1.18M,-0.38%
8/28/2023,80700.00,79700.00,80800.00,79500.00,1.10M,1.25%
8/29/2023,80000.00,81200.00,81400.00,79800.00,1.73M,-0.87%
8/30/2023,79600.00,80000.00,80100.00,79300.00,1.58M,-0.50%
8/31/2023,81500.00,80000.00,81700.00,79500.00,2.55M,2.39%
9/5/2023,81500.00,82300.00,82400.00,81300.00,1.43M,0.00%
9/6/2023,82700.00,81500.00,82700.00,80800.00,1.83M,1.47%
9/7/2023,82000.00,83500.00,83900.00,82000.00,2.10M,-0.85%
9/8/2023,81800.00,82100.00,83500.00,81800.00,3.06M,-0.24%
9/11/2023,79600.00,82100.00,82400.00,79600.00,3.01M,-2.69%
9/12/2023,81000.00,80000.00,81000.00,79300.00,1.51M,1.76%
9/13/2023,80100.00,81000.00,81400.00,79900.00,1.62M,-1.11%
9/14/2023,78600.00,80400.00,80400.00,78300.00,1.81M,-1.87%
9/15/2023,79700.00,78800.00,80700.00,78400.00,2.31M,1.40%
9/18/2023,78500.00,79700.00,79700.00,78100.00,1.01M,-1.51%
9/19/2023,79000.00,78300.00,79400.00,78000.00,1.12M,0.64%
9/20/2023,79700.00,78800.00,79800.00,78700.00,2.34M,0.89%
9/21/2023,78800.00,79500.00,80100.00,78500.00,1.49M,-1.13%
9/22/2023,75400.00,77400.00,78000.00,75400.00,2.28M,-4.31%
9/25/2023,70300.00,75000.00,75400.00,70300.00,3.40M,-6.76%
9/26/2023,73000.00,70300.00,74900.00,70300.00,2.27M,3.84%
9/27/2023,76000.00,73000.00,76000.00,72600.00,2.16M,4.11%
9/28/2023,76500.00,74500.00,77000.00,73100.00,1.70M,0.66%
9/29/2023,76300.00,76500.00,76500.00,75200.00,1.28M,-0.26%
10/2/2023,77400.00,76200.00,78700.00,76000.00,2.72M,1.44%
10/3/2023,74000.00,77400.00,77400.00,74000.00,2.19M,-4.39%
10/4/2023,73500.00,73000.00,75000.00,72800.00,1.45M,-0.68%
10/5/2023,72800.00,73600.00,74800.00,72800.00,877.90K,-0.95%
10/6/2023,72700.00,72700.00,72900.00,71000.00,2.31M,-0.14%
10/9/2023,73500.00,72200.00,74000.00,72100.00,854.30K,1.10%
10/10/2023,73200.00,74000.00,74300.00,73200.00,926.50K,-0.41%
10/11/2023,73800.00,73500.00,73800.00,72200.00,909.70K,0.82%
10/12/2023,73100.00,74000.00,74100.00,73000.00,1.06M,-0.95%
10/13/2023,72700.00,72500.00,73500.00,71600.00,1.24M,-0.55%
10/16/2023,71600.00,72500.00,72500.00,71600.00,1.00M,-1.51%
10/17/2023,71000.00,72000.00,72300.00,71000.00,727.50K,-0.84%
10/18/2023,68300.00,71000.00,71500.00,67500.00,1.88M,-3.80%
10/19/2023,66400.00,68300.00,68400.00,65900.00,2.41M,-2.78%
10/20/2023,69000.00,66400.00,69000.00,65900.00,1.88M,3.92%
10/23/2023,66000.00,68000.00,68100.00,65800.00,2.13M,-4.35%
10/24/2023,66900.00,66200.00,67300.00,64900.00,1.64M,1.36%
10/25/2023,66000.00,67000.00,67500.00,66000.00,1.39M,-1.35%
10/26/2023,61400.00,64800.00,64800.00,61400.00,3.59M,-6.97%
10/27/2023,57800.00,62000.00,62000.00,57200.00,4.38M,-5.86%
10/30/2023,58000.00,56000.00,59200.00,56000.00,2.16M,0.35%
10/31/2023,58200.00,59000.00,59000.00,56000.00,2.91M,0.34%
11/1/2023,59500.00,58200.00,59500.00,57000.00,1.81M,2.23%
11/2/2023,62700.00,60500.00,62800.00,59800.00,1.57M,5.38%
11/3/2023,63900.00,63000.00,63900.00,61700.00,1.62M,1.91%
11/6/2023,64000.00,64000.00,64600.00,63000.00,1.13M,0.16%
11/7/2023,62000.00,64000.00,64000.00,62000.00,1.58M,-3.13%
11/8/2023,63800.00,62000.00,63900.00,60500.00,2.10M,2.90%
11/9/2023,62800.00,63900.00,64500.00,62700.00,1.62M,-1.57%
11/10/2023,61700.00,62000.00,63400.00,61700.00,1.58M,-1.75%
11/13/2023,62000.00,62000.00,62900.00,61000.00,1.20M,0.49%
11/14/2023,62600.00,62200.00,62800.00,61600.00,1.53M,0.97%
11/15/2023,65800.00,63600.00,66900.00,63500.00,3.87M,5.11%
11/16/2023,66000.00,66800.00,66900.00,65400.00,1.45M,0.30%
11/17/2023,64100.00,66700.00,67000.00,63400.00,2.89M,-2.88%
11/20/2023,63600.00,62700.00,65000.00,62700.00,1.34M,-0.78%
11/21/2023,64600.00,64900.00,64900.00,63600.00,1.39M,1.57%
11/22/2023,64900.00,64700.00,65500.00,63600.00,1.76M,0.46%
11/23/2023,63300.00,65500.00,65500.00,63300.00,1.59M,-2.47%
11/24/2023,61800.00,63400.00,63500.00,60600.00,2.09M,-2.37%
11/27/2023,60900.00,62000.00,62300.00,60900.00,1.25M,-1.46%
11/28/2023,61300.00,60900.00,61800.00,59900.00,1.18M,0.66%
11/29/2023,62900.00,61500.00,63000.00,61500.00,1.60M,2.61%
11/30/2023,60500.00,62200.00,62900.00,60500.00,2.26M,-3.82%
12/1/2023,61500.00,61000.00,61800.00,60800.00,1.08M,1.65%
12/4/2023,62200.00,61500.00,63000.00,61500.00,1.30M,1.14%
12/5/2023,61400.00,62300.00,62400.00,61400.00,1.43M,-1.29%
12/6/2023,62100.00,61400.00,62300.00,61400.00,1.53M,1.14%
12/7/2023,63500.00,62200.00,64200.00,62100.00,3.98M,2.25%
12/8/2023,66200.00,63500.00,66900.00,63500.00,5.42M,4.25%
12/11/2023,67500.00,66800.00,68000.00,66700.00,2.89M,1.96%
12/12/2023,66200.00,67700.00,67700.00,65700.00,3.13M,-1.93%
12/13/2023,65800.00,66500.00,67400.00,65700.00,2.73M,-0.60%
12/14/2023,65000.00,66300.00,66500.00,64800.00,1.75M,-1.22%
12/15/2023,63000.00,65000.00,65000.00,63000.00,4.21M,-3.08%
12/18/2023,62900.00,63200.00,63800.00,62600.00,1.64M,-0.16%
12/19/2023,62200.00,62900.00,63500.00,61800.00,2.06M,-1.11%
12/20/2023,63900.00,62800.00,64000.00,62500.00,1.63M,2.73%
12/21/2023,63700.00,63000.00,64400.00,63000.00,1.38M,-0.31%
12/22/2023,63000.00,64000.00,64200.00,63000.00,2.19M,-1.10%
12/25/2023,66400.00,63200.00,66500.00,63200.00,3.23M,5.40%
12/26/2023,66200.00,66900.00,66900.00,65600.00,2.68M,-0.30%
12/27/2023,67000.00,66200.00,67900.00,66000.00,2.87M,1.21%
12/28/2023,67000.00,67100.00,67600.00,66600.00,1.86M,0.00%
12/29/2023,67000.00,67100.00,68300.00,67000.00,2.22M,0.00%
1/2/2024,68400.00,67700.00,69300.00,67300.00,3.62M,2.09%
1/3/2024,68900.00,68000.00,68900.00,67700.00,1.72M,0.73%
1/4/2024,68100.00,69000.00,69100.00,68100.00,2.53M,-1.16%
1/5/2024,67900.00,68200.00,68300.00,66600.00,3.41M,-0.29%
1/8/2024,66600.00,68000.00,68000.00,66600.00,2.68M,-1.91%
1/9/2024,66100.00,66700.00,67400.00,66000.00,2.18M,-0.75%
1/10/2024,66200.00,66200.00,67500.00,66100.00,1.88M,0.15%
1/11/2024,66100.00,66400.00,66900.00,66000.00,2.17M,-0.15%
1/12/2024,64800.00,66000.00,66000.00,64800.00,2.39M,-1.97%
1/15/2024,65600.00,65300.00,66100.00,65200.00,1.31M,1.23%
1/16/2024,67100.00,65600.00,67300.00,65300.00,1.94M,2.29%
1/17/2024,66300.00,67100.00,67500.00,66300.00,1.90M,-1.19%
1/18/2024,66400.00,66400.00,67000.00,66400.00,1.29M,0.15%
1/19/2024,67800.00,66700.00,68400.00,66700.00,3.31M,2.11%
1/22/2024,67700.00,68500.00,68500.00,67000.00,1.78M,-0.15%
1/23/2024,67500.00,67800.00,67800.00,66500.00,2.45M,-0.30%
1/24/2024,66200.00,67000.00,67500.00,66200.00,2.45M,-1.93%
1/25/2024,66800.00,66400.00,66800.00,66100.00,1.16M,0.91%
1/26/2024,65800.00,67000.00,67000.00,65800.00,1.94M,-1.50%
1/29/2024,65600.00,66000.00,66400.00,65500.00,1.43M,-0.30%
1/30/2024,66100.00,65600.00,66600.00,65600.00,1.17M,0.76%
1/31/2024,64400.00,66500.00,66600.00,64400.00,2.59M,-2.57%
2/1/2024,65100.00,64400.00,65500.00,64400.00,1.69M,1.09%
2/2/2024,65400.00,65600.00,65600.00,65000.00,1.61M,0.46%
2/5/2024,64900.00,65400.00,65700.00,64700.00,1.61M,-0.76%
2/6/2024,64800.00,65300.00,65300.00,64700.00,1.61M,-0.15%
2/7/2024,64900.00,65000.00,65300.00,64600.00,1.35M,0.15%
2/15/2024,64900.00,65000.00,65700.00,64900.00,2.03M,0.00%
2/16/2024,66200.00,65100.00,66400.00,65100.00,2.71M,2.00%
2/19/2024,68900.00,66500.00,69400.00,66500.00,7.83M,4.08%
2/20/2024,68800.00,69700.00,69700.00,68200.00,3.38M,-0.15%
2/21/2024,68000.00,68800.00,68900.00,67700.00,3.34M,-1.16%
2/22/2024,68100.00,68100.00,69300.00,67800.00,4.15M,0.15%
2/23/2024,66800.00,68300.00,68900.00,66600.00,4.79M,-1.91%
2/26/2024,66700.00,66700.00,67400.00,66100.00,2.92M,-0.15%
2/27/2024,67600.00,66700.00,68200.00,66700.00,3.04M,1.35%
2/28/2024,68300.00,68000.00,68400.00,67700.00,3.48M,1.04%
2/29/2024,70400.00,69400.00,71500.00,69100.00,8.30M,3.07%
3/1/2024,70500.00,70400.00,71200.00,70000.00,3.76M,0.14%
3/4/2024,70800.00,70700.00,71100.00,69900.00,5.32M,0.43%
3/5/2024,75700.00,71200.00,75700.00,70900.00,13.00M,6.92%
3/6/2024,76100.00,76800.00,77800.00,76000.00,5.04M,0.53%
3/7/2024,80800.00,77000.00,80800.00,76400.00,8.72M,6.18%
3/8/2024,78500.00,81000.00,81000.00,78000.00,7.45M,-2.85%
3/11/2024,77500.00,78500.00,81100.00,76600.00,7.10M,-1.27%
3/12/2024,78700.00,77500.00,79400.00,77200.00,5.98M,1.55%
3/13/2024,80900.00,79000.00,81000.00,78900.00,7.04M,2.80%
3/14/2024,78900.00,81500.00,81600.00,78700.00,6.42M,-2.47%
3/15/2024,78500.00,78300.00,79200.00,76800.00,6.91M,-0.51%
3/18/2024,77900.00,77800.00,78900.00,73900.00,7.52M,-0.76%
3/19/2024,77400.00,77900.00,79400.00,77200.00,3.13M,-0.64%
3/20/2024,77300.00,77400.00,77800.00,76500.00,4.24M,-0.13%
3/21/2024,78000.00,78500.00,78800.00,77600.00,4.98M,0.91%
3/22/2024,78500.00,79800.00,82700.00,78300.00,6.02M,0.64%
3/25/2024,78500.00,77300.00,79300.00,75400.00,8.72M,0.00%
